acc,country,date,insdc,aa516,codon516,orf_start_nt0,nt_len,ambiguous_M,unknown_M,snps_M,qc,qc_issues
PP_006VLSY.1,,,AF028022.1,T,ACA,52,3653,0,0,773,,
PP_006VLTW.1,,,AF028023.1,T,ACA,52,3654,0,0,741,,
PP_006VLUU.1,,,AF028024.1,T,ACA,52,3646,0,0,764,,
PP_006VNZG.1,,,AF291703.2,T,ACG,51,3671,0,0,0,,
PP_006VP2A.1,,,AF324901.2,T,ACA,48,3668,0,0,200,,
PP_006VQHC.1,Chile,,AY228238.1,T,ACA,33,3641,0,0,191,,
PP_006VQN2.1,,,DL139691.1,T,ACG,51,3671,0,0,0,,
PP_006VQYG.1,,,DI161196.1,T,ACG,51,3671,0,0,0,,
PP_006VVUK.1,,,HV984408.1,T,ACG,51,3671,0,0,0,,
PP_006VWNW.1,Switzerland,2016-12-23,KY604962.1,T,ACA,48,3668,0,0,200,,
PP_006VXMX.1,,,MK059782.1,T,ACG,1,3418,0,0,5,,
PP_006VXNV.1,,,MK059783.1,T,ACG,0,3417,0,0,6,,
PP_006VXPT.1,,,MK059784.1,T,ACG,0,3417,0,0,1,,
PP_006VXQR.1,,,MK059785.1,T,ACG,0,3417,0,0,5,,
PP_006VXRP.1,,,MK059786.1,T,ACG,0,3417,0,0,4,,
PP_006VXSM.1,,,MK059787.1,T,ACG,0,3417,0,0,3,,
PP_006VXTK.1,,,MK059788.1,T,ACG,1,3418,0,0,2,,
PP_006VXUH.1,,,MK059789.1,T,ACG,0,3417,0,0,6,,
PP_006VXVF.1,,,MK059790.1,T,ACG,0,3417,0,0,2,,
PP_006VXWD.1,,,MK513885.1,T,ACG,0,3417,0,0,7,,
PP_006VXXB.1,,,MK513886.1,T,ACG,0,3417,0,0,6,,
PP_006VXY9.1,,,MK513887.1,T,ACG,0,3417,0,0,5,,
PP_006VXZ7.1,,,MK513888.1,T,ACG,0,3417,0,0,2,,
PP_006VY05.1,,,MK513889.1,T,ACG,0,3417,0,0,1,,
PP_006VY13.1,,,MK513890.1,T,ACG,0,3417,0,0,6,,
PP_006VY21.1,,,MK513891.1,T,ACG,0,3417,0,0,1,,
PP_006VY3Z.1,,,MK513892.1,T,ACG,0,3417,0,0,7,,
PP_006VY4X.1,,,MK513893.1,T,ACG,0,3417,0,0,7,,
PP_006VY5V.1,,,MK513894.1,T,ACG,0,3417,0,0,6,,
PP_006VY6T.1,,,MK513895.1,T,ACG,0,3417,0,0,1,,
PP_006VY7R.1,,,MK513896.1,T,ACG,0,3417,0,0,1,,
PP_006VY8P.1,,,MK513897.1,T,ACG,0,3417,0,0,2,,
PP_006VY9M.1,,,MK513898.1,T,ACG,0,3417,0,0,6,,
PP_006VYAK.1,,,MK513899.1,T,ACG,0,3417,0,0,1,,
PP_006VYBH.1,,,MK513900.1,T,ACG,0,3417,0,0,6,,
PP_006VYCF.1,,,MN095799.1,T,ACG,0,3417,0,0,4,,
PP_006VYDD.1,,,MN095800.1,T,ACG,1,3418,0,0,2,,
PP_006VYEB.1,,,MN095801.1,T,ACG,0,3417,0,0,0,,
PP_006VYF9.1,,,MN095802.1,T,ACG,0,3417,0,0,4,,
PP_006VYG7.1,,,MN095803.1,T,ACG,1,3418,0,0,2,,
PP_006VYH4.1,,,MN095804.1,T,ACG,0,3417,0,0,1,,
PP_006VYJ2.1,,,MN095805.1,T,ACG,0,3417,0,0,2,,
PP_006VYK0.1,,,MN095806.1,T,ACG,0,3417,0,0,3,,
PP_006VYLY.1,,,MN095807.1,T,ACG,0,3417,0,0,4,,
PP_006VYMW.1,,,MN095808.1,T,ACG,0,3417,0,0,4,,
PP_006VYNU.1,,,MN095809.1,T,ACG,0,3417,0,0,3,,
PP_006VYPS.1,,,MN095810.1,T,ACG,0,3417,0,0,2,,
PP_006VYQQ.1,,,MN095811.1,T,ACG,0,3417,0,0,2,,
PP_006VYRN.1,,,MN095812.1,T,ACG,0,3417,0,0,2,,
PP_006VYSL.1,,,MN095813.1,T,ACG,0,3417,0,0,4,,
PP_006VYTJ.1,,,MN095814.1,T,ACG,1,3418,0,0,2,,
PP_006VYUG.1,,,MN095815.1,T,ACG,0,3417,0,0,4,,
PP_006VYVE.1,,,MN095816.1,T,ACG,1,3418,0,0,2,,
PP_006VYWC.1,,,MN095817.1,T,ACG,0,3417,0,0,3,,
PP_006VYXA.1,,,MN095818.1,T,ACG,0,3417,0,0,2,,
PP_006VYY8.1,,,MN095819.1,T,ACG,0,3417,0,0,3,,
PP_006VYZ6.1,,,MN095820.1,T,ACG,0,3417,0,0,3,,
PP_006VZ04.1,,,MN095821.1,T,ACG,0,3417,0,0,1,,
PP_006VZ12.1,,,MN095822.1,T,ACG,0,3417,0,0,5,,
PP_006VZ20.1,Argentina,,MN258189.1,T,ACA,49,3667,0,1,203,,
PP_006VZ3Y.1,Argentina,,MN258190.1,T,ACA,43,3646,0,0,196,,
PP_006VZ4W.1,Argentina,,MN258191.1,T,ACA,47,3655,0,0,204,,
PP_006VZ5U.1,Argentina,,MN258192.1,T,ACA,49,3658,0,0,205,,
PP_006VZ6S.1,Argentina,,MN258193.1,T,ACA,43,3650,0,0,210,,
PP_006VZ7Q.1,Argentina,,MN258194.1,T,ACA,46,3664,0,0,216,,
PP_006VZ8N.1,Argentina,,MN258195.1,T,ACA,39,3639,0,0,206,,
PP_006VZ9L.1,Argentina,,MN258196.1,T,ACA,41,3645,0,0,207,,
PP_006VZAJ.1,Argentina,,MN258197.1,T,ACA,47,3655,0,0,206,,
PP_006VZBG.1,Argentina,,MN258198.1,T,ACA,49,3657,0,0,207,,
PP_006VZCE.1,Argentina,,MN258199.1,T,ACA,48,3658,0,0,207,,
PP_006VZDC.1,Argentina,,MN258200.1,T,ACA,38,3633,0,0,206,,
PP_006VZEA.1,Argentina,,MN258201.1,T,ACA,41,3651,0,0,207,,
PP_006VZF8.1,Argentina,,MN258202.1,T,ACA,49,3659,0,0,207,,
PP_006VZG6.1,Argentina,,MN258203.1,T,ACA,38,3633,0,0,206,,
PP_006VZH3.1,Argentina,,MN258204.1,T,ACA,48,3656,0,0,207,,
PP_006VZJ1.1,Argentina,,MN258205.1,T,ACA,46,3654,0,0,207,,
PP_006VZKZ.1,Argentina,,MN258206.1,T,ACA,48,3655,0,0,207,,
PP_006VZLX.1,Argentina,,MN258207.1,T,ACA,49,3661,0,0,207,,
PP_006VZMV.1,Argentina,,MN258208.1,T,ACA,43,3646,0,0,207,,
PP_006VZNT.1,Argentina,,MN258209.1,T,ACA,43,3652,0,0,207,,
PP_006VZPR.1,Argentina,,MN258210.1,T,ACA,47,3654,0,0,207,,
PP_006VZQP.1,Argentina,,MN258211.1,T,ACA,46,3654,0,0,207,,
PP_006VZRM.1,Argentina,,MN258212.1,T,ACA,44,3647,0,0,207,,
PP_006VZSK.1,Argentina,,MN258213.1,T,ACA,46,3647,0,0,206,,
PP_006VZTH.1,Argentina,,MN258214.1,T,ACA,47,3665,0,0,207,,
PP_006VZUF.1,Argentina,,MN258216.1,T,ACA,47,3654,0,0,207,,
PP_006VZVD.1,Argentina,,MN258217.1,T,ACA,47,3659,0,0,208,,
PP_006VZWB.1,Argentina,,MN258218.1,T,ACA,41,3649,0,0,207,,
PP_006VZX9.1,Argentina,,MN258219.1,T,ACA,51,3669,0,0,207,,
PP_006VZY7.1,Argentina,,MN258220.1,T,ACA,47,3655,0,0,207,,
PP_006VZZ5.1,Argentina,,MN258221.1,T,ACA,46,3654,0,0,207,,
PP_006W001.1,Argentina,,MN258222.1,T,ACA,51,3669,0,0,209,,
PP_006W01Z.1,Argentina,,MN258215.1,X,NNN,41,3386,0,268,170,,
PP_006W07M.1,,,MN850088.1,T,ACA,45,3639,0,0,210,,
PP_006W08K.1,,,MN850089.1,T,ACA,51,3679,0,0,211,,
PP_006W09H.1,,,MN850090.1,T,ACA,41,3643,0,0,211,,
PP_006W0AF.1,,,MN850091.1,T,ACA,41,3643,0,0,165,,
PP_006W0BD.1,,,MN850092.1,T,ACA,41,3646,0,0,205,,
PP_006W0CB.1,Chile,1999,MT956619.1,T,ACA,33,3641,0,0,195,,
PP_006W0D9.1,Chile,1997,MT956623.1,T,ACG,51,3671,0,0,3,,
PP_006W0E7.1,,,NC_003467.2,T,ACG,51,3671,0,0,0,,
PP_006W0PN.1,Argentina,,OP555724.1,T,ACA,24,3555,0,62,187,,
PP_006W0QL.1,Argentina,,OP555725.1,T,ACA,48,3652,0,0,193,,
PP_006W0RJ.1,Argentina,,OP555726.1,T,ACA,48,3661,0,0,193,,
PP_006W0SG.1,Argentina,,OP555727.1,T,ACA,48,3660,0,0,194,,
PP_006W0TE.1,Argentina,,OP555729.1,T,ACA,41,3651,0,0,193,,
PP_006W0UC.1,Argentina,,OP555731.1,T,ACA,42,3622,0,0,727,,
PP_006W0VA.1,Brazil,2022-12-09,OQ092244.1,K,AAG,33,3387,0,0,716,,
PP_006W0W8.1,Switzerland,2022,OR405521.1,T,ACA,22,3425,0,2,192,,
PP_006W0X6.1,Switzerland,2016,OR405524.1,T,ACA,22,3606,0,0,198,,
PP_006W100.1,Argentina,2022,OR890440.1,T,ACA,52,3653,0,0,746,,
PP_006W1G2.1,Argentina,2002,OR965908.1,T,ACA,42,3622,0,0,727,,
PP_006W1HZ.1,Argentina,2002,OR965909.1,T,ACA,17,3545,0,0,726,,
PP_006W1JX.1,Argentina,2002,OR965910.1,T,ACA,39,3628,0,0,732,,
PP_006W1KV.1,Argentina,2002,OR965911.1,T,ACA,47,3634,0,0,732,,
PP_006W1LT.1,Argentina,2016,OR987853.1,T,ACA,42,3624,0,0,724,,
PP_006W1MR.1,Argentina,2010,OR987854.1,F,TTT,41,3556,0,0,723,,
PP_006W1NP.1,Argentina,2010,OR987855.1,F,TTT,41,3556,0,0,723,,
PP_006W1RH.1,Argentina,2018,PP151163.1,T,ACA,47,3628,0,0,766,,
PP_006W1SF.1,Argentina,2018,PP151164.1,T,ACA,39,3613,0,0,772,,
PP_006W1TD.1,Argentina,2017,PP003838.1,K,AAA,41,3561,0,318,659,,
PP_006W1UB.1,Argentina,2011,PP003839.1,K,AAA,41,3501,0,622,590,,
PP_006W1Z1.1,Argentina,1990,PP058741.1,T,ACA,50,3696,0,0,789,,
PP_006W23T.1,Argentina,2002,OR987850.1,X,NNN,41,3492,0,168,675,,
PP_006W24R.1,Argentina,2002,OR987851.1,T,ACA,39,3616,0,0,730,,
PP_006W25P.1,Argentina,2002,OR987852.1,T,ACA,27,3610,0,0,733,,
PP_006W27K.1,Argentina,2019,OR987856.1,T,ACA,47,3632,0,0,766,,
PP_006W2C9.1,Argentina,2022,PQ215669.1,T,ACA,42,3647,0,0,207,,
PP_006W2F3.1,Chile,2024-06-27,PV796317.1,T,ACA,44,3657,0,0,198,,
PP_006W2G1.1,Chile,2024-06-27,PV808468.1,T,ACA,43,3654,0,0,198,,
PP_006W2HY.1,Chile,1999,PV808471.1,T,ACA,50,3670,0,0,195,,
PP_006W2JW.1,Chile,2024-07-24,PV808474.1,T,ACA,44,3664,0,0,198,,
PP_006W2KU.1,Chile,2024-07-30,PV808477.1,T,ACA,46,3659,0,0,198,,
PP_006W3U9.2,Netherlands,2026-05-06,,K,AAA,42,3561,0,0,207,,
PP_006W6RC.2,Netherlands,2026-05-03,,I,ATA,37,3633,0,0,207,,
PP_006WBLH.2,Switzerland,2026-05-04,PZ385162.1,I,ATA,43,3649,0,0,209,,
PP_006WDJK.1,South Africa,2026-05-02,,K,AAA,57,3603,0,6,210,,
PP_006WDKH.1,South Africa,2026-04-26,,K,AAA,77,3623,0,6,211,,
PP_006XBKH.1,France,2026-05-10,,I,ATA,49,3654,0,0,209,,
PP_006XDHK.2,Canada,2026-05-15,,X,NNN,37,3578,0,512,173,,
PP_006XDJH.2,Canada,2026-05-15,,X,NNN,36,3565,0,906,151,,
