acc,translated_orf_aa_len,mapped_query_pos_for_swiss_M516,swiss_numbered_M516_aa,swiss_numbered_M516_codon,country,date,insdc,length_M,completeness_M,ambiguous_M,unknown_M
PP_006VLSY.1,1138,516,T,ACA,,,,3653,1.0,,
PP_006VLTW.1,1138,516,T,ACA,,,,3654,1.0,,
PP_006VLUU.1,1138,516,T,ACA,,,,3646,1.0,,
PP_006VLWQ.1,531,28,T,ACA,,,,1654,0.4505584309452465,,
PP_006VNZG.1,1138,516,T,ACG,,,,3671,1.0,,
PP_006VP1C.1,562,17,I,ATC,Brazil,,,1900,0.5167529283573958,,
PP_006VP2A.1,1138,516,T,ACA,,,,3668,0.9991827839825661,,
PP_006VQHC.1,1138,516,T,ACA,Chile,,,3641,0.9918278398256606,,
PP_006VQN2.1,1138,516,T,ACG,,,,3671,1.0,,
PP_006VQYG.1,1138,516,T,ACG,,,,3671,1.0,,
PP_006VVUK.1,1138,516,T,ACG,,,,3671,1.0,,
PP_006VWNW.1,1138,516,T,ACA,Switzerland,2016-12-23,,3668,0.9991827839825661,,
PP_006VXMX.1,1138,516,T,ACG,,,,3418,0.9310814491964042,,
PP_006VXNV.1,1138,516,T,ACG,,,,3417,0.9308090438572596,,
PP_006VXPT.1,1138,516,T,ACG,,,,3417,0.9308090438572596,,
PP_006VXQR.1,1138,516,T,ACG,,,,3417,0.9308090438572596,,
PP_006VXRP.1,1138,516,T,ACG,,,,3417,0.9308090438572596,,
PP_006VXSM.1,1131,516,T,ACG,,,,3417,0.9308090438572596,,
PP_006VXTK.1,1138,516,T,ACG,,,,3418,0.9310814491964042,,
PP_006VXUH.1,1138,516,T,ACG,,,,3417,0.9308090438572596,,
PP_006VXVF.1,1138,516,T,ACG,,,,3417,0.9308090438572596,,
PP_006VXWD.1,1138,516,T,ACG,,,,3417,0.9308090438572596,,
PP_006VXXB.1,1138,516,T,ACG,,,,3417,0.9308090438572596,,
PP_006VXY9.1,1138,516,T,ACG,,,,3417,0.9308090438572596,,
PP_006VXZ7.1,1138,516,T,ACG,,,,3417,0.9308090438572596,,
PP_006VY05.1,1138,516,T,ACG,,,,3417,0.9308090438572596,,
PP_006VY13.1,1138,516,T,ACG,,,,3417,0.9308090438572596,,
PP_006VY21.1,1138,516,T,ACG,,,,3417,0.9308090438572596,,
PP_006VY3Z.1,1138,516,T,ACG,,,,3417,0.9308090438572596,,
PP_006VY4X.1,1138,516,T,ACG,,,,3417,0.9308090438572596,,
PP_006VY5V.1,1138,516,T,ACG,,,,3417,0.9308090438572596,,
PP_006VY6T.1,1138,516,T,ACG,,,,3417,0.9308090438572596,,
PP_006VY7R.1,1138,516,T,ACG,,,,3417,0.9308090438572596,,
PP_006VY8P.1,1138,516,T,ACG,,,,3417,0.9308090438572596,,
PP_006VY9M.1,1138,516,T,ACG,,,,3417,0.9308090438572596,,
PP_006VYAK.1,1138,516,T,ACG,,,,3417,0.9308090438572596,,
PP_006VYBH.1,1138,516,T,ACG,,,,3417,0.9308090438572596,,
PP_006VYCF.1,1138,516,T,ACG,,,,3417,0.9308090438572596,,
PP_006VYDD.1,1138,516,T,ACG,,,,3418,0.9310814491964042,,
PP_006VYEB.1,1138,516,T,ACG,,,,3417,0.9308090438572596,,
PP_006VYF9.1,1138,516,T,ACG,,,,3417,0.9308090438572596,,
PP_006VYG7.1,1138,516,T,ACG,,,,3418,0.9310814491964042,,
PP_006VYH4.1,1138,516,T,ACG,,,,3417,0.9308090438572596,,
PP_006VYJ2.1,1138,516,T,ACG,,,,3417,0.9308090438572596,,
PP_006VYK0.1,1138,516,T,ACG,,,,3417,0.9308090438572596,,
PP_006VYLY.1,1138,516,T,ACG,,,,3417,0.9308090438572596,,
PP_006VYMW.1,1138,516,T,ACG,,,,3417,0.9308090438572596,,
PP_006VYNU.1,1138,516,T,ACG,,,,3417,0.9308090438572596,,
PP_006VYPS.1,1138,516,T,ACG,,,,3417,0.9308090438572596,,
PP_006VYQQ.1,1138,516,T,ACG,,,,3417,0.9308090438572596,,
PP_006VYRN.1,1138,516,T,ACG,,,,3417,0.9308090438572596,,
PP_006VYSL.1,1138,516,T,ACG,,,,3417,0.9308090438572596,,
PP_006VYTJ.1,1138,516,T,ACG,,,,3418,0.9310814491964042,,
PP_006VYUG.1,1138,516,T,ACG,,,,3417,0.9308090438572596,,
PP_006VYVE.1,1138,516,T,ACG,,,,3418,0.9310814491964042,,
PP_006VYWC.1,1138,516,T,ACG,,,,3417,0.9308090438572596,,
PP_006VYXA.1,1138,516,T,ACG,,,,3417,0.9308090438572596,,
PP_006VYY8.1,1138,516,T,ACG,,,,3417,0.9308090438572596,,
PP_006VYZ6.1,1138,516,T,ACG,,,,3417,0.9308090438572596,,
PP_006VZ04.1,1138,516,T,ACG,,,,3417,0.9308090438572596,,
PP_006VZ12.1,1138,516,T,ACG,,,,3417,0.9308090438572596,,
PP_006VZ20.1,1138,516,T,ACA,Argentina,,,3667,0.9964587305911196,,
PP_006VZ3Y.1,1138,516,T,ACA,Argentina,,,3646,0.9910106238082267,,
PP_006VZ4W.1,1138,516,T,ACA,Argentina,,,3655,0.9934622718605285,,
PP_006VZ5U.1,1138,516,T,ACA,Argentina,,,3658,0.9942794878779624,,
PP_006VZ6S.1,1138,516,T,ACA,Argentina,,,3650,0.9921002451648052,,
PP_006VZ7Q.1,1138,516,T,ACA,Argentina,,,3664,0.9959139199128303,,
PP_006VZ8N.1,1138,516,T,ACA,Argentina,,,3639,0.9891037864342141,,
PP_006VZ9L.1,1138,516,T,ACA,Argentina,,,3645,0.9907382184690819,,
PP_006VZAJ.1,1138,516,T,ACA,Argentina,,,3655,0.9934622718605285,,
PP_006VZBG.1,1138,516,T,ACA,Argentina,,,3657,0.9940070825388178,,
PP_006VZCE.1,1138,516,T,ACA,Argentina,,,3658,0.9942794878779624,,
PP_006VZDC.1,1138,516,T,ACA,Argentina,,,3633,0.9874693543993462,,
PP_006VZEA.1,1138,516,T,ACA,Argentina,,,3651,0.9923726505039498,,
PP_006VZF8.1,1138,516,T,ACA,Argentina,,,3659,0.994551893217107,,
PP_006VZG6.1,1138,516,T,ACA,Argentina,,,3633,0.9874693543993462,,
PP_006VZH3.1,1138,516,T,ACA,Argentina,,,3656,0.9937346771996731,,
PP_006VZJ1.1,1138,516,T,ACA,Argentina,,,3654,0.9931898665213839,,
PP_006VZKZ.1,1138,516,T,ACA,Argentina,,,3655,0.9934622718605285,,
PP_006VZLX.1,1138,516,T,ACA,Argentina,,,3661,0.9950967038953964,,
PP_006VZMV.1,1138,516,T,ACA,Argentina,,,3646,0.9910106238082267,,
PP_006VZNT.1,1138,516,T,ACA,Argentina,,,3652,0.9926450558430945,,
PP_006VZPR.1,1138,516,T,ACA,Argentina,,,3654,0.9931898665213839,,
PP_006VZQP.1,1138,516,T,ACA,Argentina,,,3654,0.9931898665213839,,
PP_006VZRM.1,1138,516,T,ACA,Argentina,,,3647,0.9912830291473713,,
PP_006VZSK.1,1138,516,T,ACA,Argentina,,,3647,0.9912830291473713,,
PP_006VZTH.1,1138,516,T,ACA,Argentina,,,3665,0.9961863252519749,,
PP_006VZUF.1,1138,516,T,ACA,Argentina,,,3654,0.9931898665213839,,
PP_006VZVD.1,1138,516,T,ACA,Argentina,,,3659,0.994551893217107,,
PP_006VZWB.1,1138,516,T,ACA,Argentina,,,3649,0.9918278398256606,,
PP_006VZX9.1,1138,516,T,ACA,Argentina,,,3669,0.9972759466085536,,
PP_006VZY7.1,1138,516,T,ACA,Argentina,,,3655,0.9934622718605285,,
PP_006VZZ5.1,1138,516,T,ACA,Argentina,,,3654,0.9931898665213839,,
PP_006W001.1,1138,516,T,ACA,Argentina,,,3669,0.9972759466085536,,
PP_006W01Z.1,1115,516,X,NNN,Argentina,,,3386,0.8493598474530101,,
PP_006W05R.1,677,516,T,ACA,Chile,2012-11,,2031,0.5532552438027786,,
PP_006W07M.1,1138,516,T,ACA,,,,3639,0.9891037864342141,,
PP_006W08K.1,1138,516,T,ACA,,,,3679,1.0,,
PP_006W09H.1,1138,516,T,ACA,,,,3643,0.9901934077907927,,
PP_006W0AF.1,1138,516,T,ACA,,,,3643,0.9923726505039498,,
PP_006W0BD.1,1138,516,T,ACA,,,,3646,0.9910106238082267,,
PP_006W0CB.1,1138,516,T,ACA,Chile,1999,,3641,0.9918278398256606,,
PP_006W0D9.1,1138,516,T,ACG,Chile,1997,,3671,1.0,,
PP_006W0E7.1,1138,516,T,ACG,,,,3671,1.0,,
PP_006W0PN.1,1138,516,T,ACA,Argentina,,,3555,0.9515118496322528,,
PP_006W0QL.1,1138,516,T,ACA,Argentina,,,3652,0.9948242985562517,,
PP_006W0RJ.1,1138,516,T,ACA,Argentina,,,3661,0.9972759466085536,,
PP_006W0SG.1,1138,516,T,ACA,Argentina,,,3660,0.9970035412694089,,
PP_006W0TE.1,1138,516,T,ACA,Argentina,,,3651,0.994551893217107,,
PP_006W0UC.1,1138,516,T,ACA,Argentina,,,3622,0.991555434486516,,
PP_006W0VA.1,1118,498,T,ACA,Brazil,2022-12-09,,3387,0.9226368836829202,,
PP_006W0W8.1,1134,516,T,ACA,Switzerland,2022,,3425,0.9324434758921275,,
PP_006W0X6.1,1138,516,T,ACA,Switzerland,2016,,3606,0.9822936529555979,,
PP_006W100.1,1138,516,T,ACA,Argentina,2022,,3653,1.0,,
PP_006W1G2.1,1138,516,T,ACA,Argentina,2002,,3622,0.991555434486516,,
PP_006W1HZ.1,1138,516,T,ACA,Argentina,2002,,3545,0.97303187142468,,
PP_006W1JX.1,1138,516,T,ACA,Argentina,2002,,3628,0.9931898665213839,,
PP_006W1KV.1,1138,516,T,ACA,Argentina,2002,,3634,0.9948242985562517,,
PP_006W1LT.1,1138,516,T,ACA,Argentina,2016,,3624,0.9921002451648052,,
PP_006W1MR.1,1124,502,T,ACA,Argentina,2010,,3556,0.9738490874421138,,
PP_006W1NP.1,1124,502,T,ACA,Argentina,2010,,3556,0.9738490874421138,,
PP_006W1RH.1,1138,516,T,ACA,Argentina,2018,,3628,0.9931898665213839,,
PP_006W1SF.1,1138,516,T,ACA,Argentina,2018,,3613,0.9891037864342141,,
PP_006W1TD.1,1120,498,T,ACA,Argentina,2017,,3561,0.8885862162898392,,
PP_006W1UB.1,1120,498,T,ACA,Argentina,2011,,3501,0.7872514301280306,,
PP_006W1Z1.1,1138,516,T,ACA,Argentina,1990,,3696,0.9983655679651321,,
PP_006W23T.1,1120,498,X,NNN,Argentina,2002,,3492,0.9212748569871969,,
PP_006W24R.1,1138,516,T,ACA,Argentina,2002,,3616,0.989921002451648,,
PP_006W25P.1,1138,516,T,ACA,Argentina,2002,,3610,0.9907382184690819,,
PP_006W27K.1,1138,516,T,ACA,Argentina,2019,,3632,0.9942794878779624,,
PP_006W2C9.1,1138,516,T,ACA,Argentina,2022,,3647,0.9912830291473713,,
PP_006W2F3.1,1138,516,T,ACA,Chile,2024-06-27,,3657,0.9961863252519749,,
PP_006W2G1.1,1138,516,T,ACA,Chile,2024-06-27,,3654,0.995369109234541,,
PP_006W2HY.1,1138,516,T,ACA,Chile,1999,,3670,0.9997275946608554,,
PP_006W2JW.1,1138,516,T,ACA,Chile,2024-07-24,,3664,0.9980931626259875,,
PP_006W2KU.1,1138,516,T,ACA,Chile,2024-07-30,,3659,0.9967311359302642,,
PP_006W3U9.2,1120,498,I,ATA,Netherlands,2026-05-06,,3561,0.9700354126940888,,
PP_006W6RC.2,1138,516,I,ATA,Netherlands,2026-05-03,,3633,0.9874693543993462,,
PP_006WBLH.2,1138,516,I,ATA,Switzerland,2026-05-04,,3649,0.9940070825388178,,
PP_006WDJK.1,1120,498,I,ATA,South Africa,2026-05-02,,3603,0.9904658131299373,,
PP_006WDKH.1,1120,498,I,ATA,South Africa,2026-04-26,,3623,0.9855625170253337,,
PP_006XBKH.1,1138,516,I,ATA,France,2026-05-10,,3654,0.9942794878779624,,
PP_006XDHK.2,1120,498,X,NNN,Canada,2026-05-15,,3578,0.8351947698174884,,
PP_006XDJH.2,1120,498,X,NNN,Canada,2026-05-15,,3565,0.724325796785617,,
