acc,aa_len,aa516,codon516,country,date,insdc,length_M,completeness_M,ambiguous_M,unknown_M
PP_006VLSY.1,1138,T,ACA,,,AF028022.1,3653,1.0,0,0
PP_006VLTW.1,1138,T,ACA,,,AF028023.1,3654,1.0,0,0
PP_006VLUU.1,1138,T,ACA,,,AF028024.1,3646,1.0,0,0
PP_006VLVS.1,531,S,AGC,,,AF028025.1,1654,0.4505584309452465,0,0
PP_006VLWQ.1,531,S,AGT,,,AF028026.1,1654,0.4505584309452465,0,0
PP_006VLYL.1,531,S,AGT,,,AF028028.1,1654,0.4505584309452465,0,0
PP_006VNZG.1,1138,T,ACG,,,AF291703.2,3671,1.0,0,0
PP_006VP0E.1,562,W,TGG,Brazil,,AF307326.1,1895,0.5167529283573958,0,0
PP_006VP1C.1,562,W,TGG,Brazil,,AF307327.1,1900,0.5167529283573958,0,0
PP_006VP2A.1,1138,T,ACA,,,AF324901.2,3668,0.9991827839825661,0,0
PP_006VQHC.1,1138,T,ACA,Chile,,AY228238.1,3641,0.9918278398256606,0,0
PP_006VQN2.1,1138,T,ACG,,,DL139691.1,3671,1.0,0,0
PP_006VQYG.1,1138,T,ACG,,,DI161196.1,3671,1.0,0,0
PP_006VVUK.1,1138,T,ACG,,,HV984408.1,3671,1.0,0,0
PP_006VWNW.1,1138,T,ACA,Switzerland,2016-12-23,KY604962.1,3668,0.9991827839825661,0,0
PP_006VX06.1,555,W,TGG,Peru,2010,KF581135.1,1673,0.4655407245982021,1,0
PP_006VXMX.1,1138,T,ACG,,,MK059782.1,3418,0.9310814491964042,0,0
PP_006VXNV.1,1138,T,ACG,,,MK059783.1,3417,0.9308090438572596,0,0
PP_006VXPT.1,1138,T,ACG,,,MK059784.1,3417,0.9308090438572596,0,0
PP_006VXQR.1,1138,T,ACG,,,MK059785.1,3417,0.9308090438572596,0,0
PP_006VXRP.1,1138,T,ACG,,,MK059786.1,3417,0.9308090438572596,0,0
PP_006VXSM.1,1131,T,ACG,,,MK059787.1,3417,0.9308090438572596,0,0
PP_006VXTK.1,1138,T,ACG,,,MK059788.1,3418,0.9310814491964042,0,0
PP_006VXUH.1,1138,T,ACG,,,MK059789.1,3417,0.9308090438572596,0,0
PP_006VXVF.1,1138,T,ACG,,,MK059790.1,3417,0.9308090438572596,0,0
PP_006VXWD.1,1138,T,ACG,,,MK513885.1,3417,0.9308090438572596,0,0
PP_006VXXB.1,1138,T,ACG,,,MK513886.1,3417,0.9308090438572596,0,0
PP_006VXY9.1,1138,T,ACG,,,MK513887.1,3417,0.9308090438572596,0,0
PP_006VXZ7.1,1138,T,ACG,,,MK513888.1,3417,0.9308090438572596,0,0
PP_006VY05.1,1138,T,ACG,,,MK513889.1,3417,0.9308090438572596,0,0
PP_006VY13.1,1138,T,ACG,,,MK513890.1,3417,0.9308090438572596,0,0
PP_006VY21.1,1138,T,ACG,,,MK513891.1,3417,0.9308090438572596,0,0
PP_006VY3Z.1,1138,T,ACG,,,MK513892.1,3417,0.9308090438572596,0,0
PP_006VY4X.1,1138,T,ACG,,,MK513893.1,3417,0.9308090438572596,0,0
PP_006VY5V.1,1138,T,ACG,,,MK513894.1,3417,0.9308090438572596,0,0
PP_006VY6T.1,1138,T,ACG,,,MK513895.1,3417,0.9308090438572596,0,0
PP_006VY7R.1,1138,T,ACG,,,MK513896.1,3417,0.9308090438572596,0,0
PP_006VY8P.1,1138,T,ACG,,,MK513897.1,3417,0.9308090438572596,0,0
PP_006VY9M.1,1138,T,ACG,,,MK513898.1,3417,0.9308090438572596,0,0
PP_006VYAK.1,1138,T,ACG,,,MK513899.1,3417,0.9308090438572596,0,0
PP_006VYBH.1,1138,T,ACG,,,MK513900.1,3417,0.9308090438572596,0,0
PP_006VYCF.1,1138,T,ACG,,,MN095799.1,3417,0.9308090438572596,0,0
PP_006VYDD.1,1138,T,ACG,,,MN095800.1,3418,0.9310814491964042,0,0
PP_006VYEB.1,1138,T,ACG,,,MN095801.1,3417,0.9308090438572596,0,0
PP_006VYF9.1,1138,T,ACG,,,MN095802.1,3417,0.9308090438572596,0,0
PP_006VYG7.1,1138,T,ACG,,,MN095803.1,3418,0.9310814491964042,0,0
PP_006VYH4.1,1138,T,ACG,,,MN095804.1,3417,0.9308090438572596,0,0
PP_006VYJ2.1,1138,T,ACG,,,MN095805.1,3417,0.9308090438572596,0,0
PP_006VYK0.1,1138,T,ACG,,,MN095806.1,3417,0.9308090438572596,0,0
PP_006VYLY.1,1138,T,ACG,,,MN095807.1,3417,0.9308090438572596,0,0
PP_006VYMW.1,1138,T,ACG,,,MN095808.1,3417,0.9308090438572596,0,0
PP_006VYNU.1,1138,T,ACG,,,MN095809.1,3417,0.9308090438572596,0,0
PP_006VYPS.1,1138,T,ACG,,,MN095810.1,3417,0.9308090438572596,0,0
PP_006VYQQ.1,1138,T,ACG,,,MN095811.1,3417,0.9308090438572596,0,0
PP_006VYRN.1,1138,T,ACG,,,MN095812.1,3417,0.9308090438572596,0,0
PP_006VYSL.1,1138,T,ACG,,,MN095813.1,3417,0.9308090438572596,0,0
PP_006VYTJ.1,1138,T,ACG,,,MN095814.1,3418,0.9310814491964042,0,0
PP_006VYUG.1,1138,T,ACG,,,MN095815.1,3417,0.9308090438572596,0,0
PP_006VYVE.1,1138,T,ACG,,,MN095816.1,3418,0.9310814491964042,0,0
PP_006VYWC.1,1138,T,ACG,,,MN095817.1,3417,0.9308090438572596,0,0
PP_006VYXA.1,1138,T,ACG,,,MN095818.1,3417,0.9308090438572596,0,0
PP_006VYY8.1,1138,T,ACG,,,MN095819.1,3417,0.9308090438572596,0,0
PP_006VYZ6.1,1138,T,ACG,,,MN095820.1,3417,0.9308090438572596,0,0
PP_006VZ04.1,1138,T,ACG,,,MN095821.1,3417,0.9308090438572596,0,0
PP_006VZ12.1,1138,T,ACG,,,MN095822.1,3417,0.9308090438572596,0,0
PP_006VZ20.1,1138,T,ACA,Argentina,,MN258189.1,3667,0.9964587305911196,0,1
PP_006VZ3Y.1,1138,T,ACA,Argentina,,MN258190.1,3646,0.9910106238082267,0,0
PP_006VZ4W.1,1138,T,ACA,Argentina,,MN258191.1,3655,0.9934622718605285,0,0
PP_006VZ5U.1,1138,T,ACA,Argentina,,MN258192.1,3658,0.9942794878779624,0,0
PP_006VZ6S.1,1138,T,ACA,Argentina,,MN258193.1,3650,0.9921002451648052,0,0
PP_006VZ7Q.1,1138,T,ACA,Argentina,,MN258194.1,3664,0.9959139199128303,0,0
PP_006VZ8N.1,1138,T,ACA,Argentina,,MN258195.1,3639,0.9891037864342141,0,0
PP_006VZ9L.1,1138,T,ACA,Argentina,,MN258196.1,3645,0.9907382184690819,0,0
PP_006VZAJ.1,1138,T,ACA,Argentina,,MN258197.1,3655,0.9934622718605285,0,0
PP_006VZBG.1,1138,T,ACA,Argentina,,MN258198.1,3657,0.9940070825388178,0,0
PP_006VZCE.1,1138,T,ACA,Argentina,,MN258199.1,3658,0.9942794878779624,0,0
PP_006VZDC.1,1138,T,ACA,Argentina,,MN258200.1,3633,0.9874693543993462,0,0
PP_006VZEA.1,1138,T,ACA,Argentina,,MN258201.1,3651,0.9923726505039498,0,0
PP_006VZF8.1,1138,T,ACA,Argentina,,MN258202.1,3659,0.994551893217107,0,0
PP_006VZG6.1,1138,T,ACA,Argentina,,MN258203.1,3633,0.9874693543993462,0,0
PP_006VZH3.1,1138,T,ACA,Argentina,,MN258204.1,3656,0.9937346771996731,0,0
PP_006VZJ1.1,1138,T,ACA,Argentina,,MN258205.1,3654,0.9931898665213839,0,0
PP_006VZKZ.1,1138,T,ACA,Argentina,,MN258206.1,3655,0.9934622718605285,0,0
PP_006VZLX.1,1138,T,ACA,Argentina,,MN258207.1,3661,0.9950967038953964,0,0
PP_006VZMV.1,1138,T,ACA,Argentina,,MN258208.1,3646,0.9910106238082267,0,0
PP_006VZNT.1,1138,T,ACA,Argentina,,MN258209.1,3652,0.9926450558430945,0,0
PP_006VZPR.1,1138,T,ACA,Argentina,,MN258210.1,3654,0.9931898665213839,0,0
PP_006VZQP.1,1138,T,ACA,Argentina,,MN258211.1,3654,0.9931898665213839,0,0
PP_006VZRM.1,1138,T,ACA,Argentina,,MN258212.1,3647,0.9912830291473713,0,0
PP_006VZSK.1,1138,T,ACA,Argentina,,MN258213.1,3647,0.9912830291473713,0,0
PP_006VZTH.1,1138,T,ACA,Argentina,,MN258214.1,3665,0.9961863252519749,0,0
PP_006VZUF.1,1138,T,ACA,Argentina,,MN258216.1,3654,0.9931898665213839,0,0
PP_006VZVD.1,1138,T,ACA,Argentina,,MN258217.1,3659,0.994551893217107,0,0
PP_006VZWB.1,1138,T,ACA,Argentina,,MN258218.1,3649,0.9918278398256606,0,0
PP_006VZX9.1,1138,T,ACA,Argentina,,MN258219.1,3669,0.9972759466085536,0,0
PP_006VZY7.1,1138,T,ACA,Argentina,,MN258220.1,3655,0.9934622718605285,0,0
PP_006VZZ5.1,1138,T,ACA,Argentina,,MN258221.1,3654,0.9931898665213839,0,0
PP_006W001.1,1138,T,ACA,Argentina,,MN258222.1,3669,0.9972759466085536,0,0
PP_006W01Z.1,1115,X,NNN,Argentina,,MN258215.1,3386,0.8493598474530101,0,268
PP_006W05R.1,677,T,ACA,Chile,2012-11,MN807443.1,2031,0.5532552438027786,0,0
PP_006W07M.1,1138,T,ACA,,,MN850088.1,3639,0.9891037864342141,0,0
PP_006W08K.1,1138,T,ACA,,,MN850089.1,3679,1.0,0,0
PP_006W09H.1,1138,T,ACA,,,MN850090.1,3643,0.9901934077907927,0,0
PP_006W0AF.1,1138,T,ACA,,,MN850091.1,3643,0.9923726505039498,0,0
PP_006W0BD.1,1138,T,ACA,,,MN850092.1,3646,0.9910106238082267,0,0
PP_006W0CB.1,1138,T,ACA,Chile,1999,MT956619.1,3641,0.9918278398256606,0,0
PP_006W0D9.1,1138,T,ACG,Chile,1997,MT956623.1,3671,1.0,0,0
PP_006W0E7.1,1138,T,ACG,,,NC_003467.2,3671,1.0,0,0
PP_006W0PN.1,1138,T,ACA,Argentina,,OP555724.1,3555,0.9515118496322528,0,62
PP_006W0QL.1,1138,T,ACA,Argentina,,OP555725.1,3652,0.9948242985562517,0,0
PP_006W0RJ.1,1138,T,ACA,Argentina,,OP555726.1,3661,0.9972759466085536,0,0
PP_006W0SG.1,1138,T,ACA,Argentina,,OP555727.1,3660,0.9970035412694089,0,0
PP_006W0TE.1,1138,T,ACA,Argentina,,OP555729.1,3651,0.994551893217107,0,0
PP_006W0UC.1,1138,T,ACA,Argentina,,OP555731.1,3622,0.991555434486516,0,0
PP_006W0VA.1,1118,K,AAG,Brazil,2022-12-09,OQ092244.1,3387,0.9226368836829202,0,0
PP_006W0W8.1,1134,T,ACA,Switzerland,2022,OR405521.1,3425,0.9324434758921275,0,2
PP_006W0X6.1,1138,T,ACA,Switzerland,2016,OR405524.1,3606,0.9822936529555979,0,0
PP_006W100.1,1138,T,ACA,Argentina,2022,OR890440.1,3653,1.0,0,0
PP_006W1G2.1,1138,T,ACA,Argentina,2002,OR965908.1,3622,0.991555434486516,0,0
PP_006W1HZ.1,1138,T,ACA,Argentina,2002,OR965909.1,3545,0.97303187142468,0,0
PP_006W1JX.1,1138,T,ACA,Argentina,2002,OR965910.1,3628,0.9931898665213839,0,0
PP_006W1KV.1,1138,T,ACA,Argentina,2002,OR965911.1,3634,0.9948242985562517,0,0
PP_006W1LT.1,1138,T,ACA,Argentina,2016,OR987853.1,3624,0.9921002451648052,0,0
PP_006W1MR.1,1124,F,TTT,Argentina,2010,OR987854.1,3556,0.9738490874421138,0,0
PP_006W1NP.1,1124,F,TTT,Argentina,2010,OR987855.1,3556,0.9738490874421138,0,0
PP_006W1RH.1,1138,T,ACA,Argentina,2018,PP151163.1,3628,0.9931898665213839,0,0
PP_006W1SF.1,1138,T,ACA,Argentina,2018,PP151164.1,3613,0.9891037864342141,0,0
PP_006W1TD.1,1120,K,AAA,Argentina,2017,PP003838.1,3561,0.8885862162898392,0,318
PP_006W1UB.1,1120,K,AAA,Argentina,2011,PP003839.1,3501,0.7872514301280306,0,622
PP_006W1Z1.1,1138,T,ACA,Argentina,1990,PP058741.1,3696,0.9983655679651321,0,0
PP_006W23T.1,1120,X,NNN,Argentina,2002,OR987850.1,3492,0.9212748569871969,0,168
PP_006W24R.1,1138,T,ACA,Argentina,2002,OR987851.1,3616,0.989921002451648,0,0
PP_006W25P.1,1138,T,ACA,Argentina,2002,OR987852.1,3610,0.9907382184690819,0,0
PP_006W27K.1,1138,T,ACA,Argentina,2019,OR987856.1,3632,0.9942794878779624,0,0
PP_006W2C9.1,1138,T,ACA,Argentina,2022,PQ215669.1,3647,0.9912830291473713,0,0
PP_006W2F3.1,1138,T,ACA,Chile,2024-06-27,PV796317.1,3657,0.9961863252519749,0,0
PP_006W2G1.1,1138,T,ACA,Chile,2024-06-27,PV808468.1,3654,0.995369109234541,0,0
PP_006W2HY.1,1138,T,ACA,Chile,1999,PV808471.1,3670,0.9997275946608554,0,0
PP_006W2JW.1,1138,T,ACA,Chile,2024-07-24,PV808474.1,3664,0.9980931626259875,0,0
PP_006W2KU.1,1138,T,ACA,Chile,2024-07-30,PV808477.1,3659,0.9967311359302642,0,0
PP_006W3U9.2,1120,K,AAA,Netherlands,2026-05-06,,3561,0.9700354126940888,0,0
PP_006W6RC.2,1138,I,ATA,Netherlands,2026-05-03,,3633,0.9874693543993462,0,0
PP_006WBLH.2,1138,I,ATA,Switzerland,2026-05-04,PZ385162.1,3649,0.9940070825388178,0,0
PP_006WDJK.1,1120,K,AAA,South Africa,2026-05-02,,3603,0.9904658131299373,0,6
PP_006WDKH.1,1120,K,AAA,South Africa,2026-04-26,,3623,0.9855625170253337,0,6
PP_006XBKH.1,1138,I,ATA,France,2026-05-10,,3654,0.9942794878779624,0,0
PP_006XDHK.2,1120,X,NNN,Canada,2026-05-15,,3578,0.8351947698174884,0,512
PP_006XDJH.2,1120,X,NNN,Canada,2026-05-15,,3565,0.724325796785617,0,906
