acc,country,date,insdc,aa516,n_diffs,diffs,completeness_M
PP_006W6RC.2,Netherlands,2026-05-03,,I,0,,0.9874693543993462
PP_006WBLH.2,Switzerland,2026-05-04,PZ385162.1,I,0,,0.9940070825388178
PP_006XBKH.1,France,2026-05-10,,I,0,,0.9942794878779624
PP_006VZ4W.1,Argentina,,MN258191.1,T,2,T193A;T516I,0.9934622718605285
PP_006W0PN.1,Argentina,,OP555724.1,T,2,T516I;A1055T,0.9515118496322528
PP_006W0QL.1,Argentina,,OP555725.1,T,2,T516I;A1055T,0.9948242985562517
PP_006W0RJ.1,Argentina,,OP555726.1,T,2,T516I;A1055T,0.9972759466085536
PP_006W0TE.1,Argentina,,OP555729.1,T,2,T516I;A1055T,0.994551893217107
PP_006W2F3.1,Chile,2024-06-27,PV796317.1,T,2,T516I;A1055T,0.9961863252519749
PP_006W2G1.1,Chile,2024-06-27,PV808468.1,T,2,T516I;A1055T,0.995369109234541
PP_006W2JW.1,Chile,2024-07-24,PV808474.1,T,2,T516I;A1055T,0.9980931626259875
PP_006W2KU.1,Chile,2024-07-30,PV808477.1,T,2,T516I;A1055T,0.9967311359302642
PP_006VZ5U.1,Argentina,,MN258192.1,T,3,T193A;T516I;A994T,0.9942794878779624
PP_006W0SG.1,Argentina,,OP555727.1,T,3,P97S;T516I;A1055T,0.9970035412694089
PP_006W0X6.1,Switzerland,2016,OR405524.1,T,5,I114V;T516I;I1032V;S1055T;V1127I,0.9822936529555979
PP_006VWNW.1,Switzerland,2016-12-23,KY604962.1,T,5,I114V;T516I;I1032V;S1055T;V1127I,0.9991827839825661
