segment,position,aa,acc,country,date,insdc
M,193,A,PP_006VLSY.1,,,AF028022.1
M,193,A,PP_006VLTW.1,,,AF028023.1
L,70,I,PP_006VNZG.1,,,AF291704.5
L,144,R,PP_006VNZG.1,,,AF291704.5
M,193,A,PP_006VNZG.1,,,AF291703.2
M,193,A,PP_006VP2A.1,,,AF324901.2
L,70,I,PP_006VQHC.1,Chile,,AY228239.1
L,144,R,PP_006VQHC.1,Chile,,AY228239.1
M,193,A,PP_006VQHC.1,Chile,,AY228238.1
M,193,A,PP_006VQN2.1,,,DL139691.1
M,193,A,PP_006VQYG.1,,,DI161196.1
M,193,A,PP_006VVUK.1,,,HV984408.1
M,193,A,PP_006VWNW.1,Switzerland,2016-12-23,KY604962.1
L,70,I,PP_006VX9N.1,Switzerland,2016-12-26,KY659431.1
L,144,R,PP_006VX9N.1,Switzerland,2016-12-26,KY659431.1
M,193,A,PP_006VXMX.1,,,MK059782.1
M,193,A,PP_006VXNV.1,,,MK059783.1
M,193,A,PP_006VXPT.1,,,MK059784.1
M,193,A,PP_006VXQR.1,,,MK059785.1
M,193,A,PP_006VXRP.1,,,MK059786.1
M,193,A,PP_006VXSM.1,,,MK059787.1
M,193,A,PP_006VXTK.1,,,MK059788.1
M,193,A,PP_006VXUH.1,,,MK059789.1
M,193,A,PP_006VXVF.1,,,MK059790.1
M,193,A,PP_006VXWD.1,,,MK513885.1
M,193,A,PP_006VXXB.1,,,MK513886.1
M,193,A,PP_006VXY9.1,,,MK513887.1
M,193,A,PP_006VXZ7.1,,,MK513888.1
M,193,A,PP_006VY05.1,,,MK513889.1
M,193,A,PP_006VY13.1,,,MK513890.1
M,193,A,PP_006VY21.1,,,MK513891.1
M,193,A,PP_006VY3Z.1,,,MK513892.1
M,193,A,PP_006VY4X.1,,,MK513893.1
M,193,A,PP_006VY5V.1,,,MK513894.1
M,193,A,PP_006VY6T.1,,,MK513895.1
M,193,A,PP_006VY7R.1,,,MK513896.1
M,193,A,PP_006VY8P.1,,,MK513897.1
M,193,A,PP_006VY9M.1,,,MK513898.1
M,193,A,PP_006VYAK.1,,,MK513899.1
M,193,A,PP_006VYBH.1,,,MK513900.1
M,193,A,PP_006VYCF.1,,,MN095799.1
M,193,A,PP_006VYDD.1,,,MN095800.1
M,193,A,PP_006VYEB.1,,,MN095801.1
M,193,A,PP_006VYF9.1,,,MN095802.1
M,193,A,PP_006VYG7.1,,,MN095803.1
M,193,A,PP_006VYH4.1,,,MN095804.1
M,193,A,PP_006VYJ2.1,,,MN095805.1
M,193,A,PP_006VYK0.1,,,MN095806.1
M,193,A,PP_006VYLY.1,,,MN095807.1
M,193,A,PP_006VYMW.1,,,MN095808.1
M,193,A,PP_006VYNU.1,,,MN095809.1
M,193,A,PP_006VYPS.1,,,MN095810.1
M,193,A,PP_006VYQQ.1,,,MN095811.1
M,193,A,PP_006VYRN.1,,,MN095812.1
M,193,A,PP_006VYSL.1,,,MN095813.1
M,193,A,PP_006VYTJ.1,,,MN095814.1
M,193,A,PP_006VYUG.1,,,MN095815.1
M,193,A,PP_006VYVE.1,,,MN095816.1
M,193,A,PP_006VYWC.1,,,MN095817.1
M,193,A,PP_006VYXA.1,,,MN095818.1
M,193,A,PP_006VYY8.1,,,MN095819.1
M,193,A,PP_006VYZ6.1,,,MN095820.1
M,193,A,PP_006VZ04.1,,,MN095821.1
M,193,A,PP_006VZ12.1,,,MN095822.1
L,70,I,PP_006VZ20.1,Argentina,,MN258156.1
L,144,R,PP_006VZ20.1,Argentina,,MN258156.1
M,193,A,PP_006VZ20.1,Argentina,,MN258189.1
L,70,I,PP_006VZ3Y.1,Argentina,,MN258157.1
L,144,R,PP_006VZ3Y.1,Argentina,,MN258157.1
M,193,A,PP_006VZ3Y.1,Argentina,,MN258190.1
L,70,I,PP_006VZ6S.1,Argentina,,MN258160.1
L,144,R,PP_006VZ6S.1,Argentina,,MN258160.1
M,193,A,PP_006VZ6S.1,Argentina,,MN258193.1
L,70,I,PP_006VZ7Q.1,Argentina,,MN258161.1
L,144,R,PP_006VZ7Q.1,Argentina,,MN258161.1
M,193,A,PP_006VZ7Q.1,Argentina,,MN258194.1
L,70,I,PP_006VZ8N.1,Argentina,,MN258162.1
L,144,R,PP_006VZ8N.1,Argentina,,MN258162.1
M,193,A,PP_006VZ8N.1,Argentina,,MN258195.1
L,70,I,PP_006VZ9L.1,Argentina,,MN258163.1
L,144,R,PP_006VZ9L.1,Argentina,,MN258163.1
M,193,A,PP_006VZ9L.1,Argentina,,MN258196.1
L,70,I,PP_006VZAJ.1,Argentina,,MN258164.1
L,144,R,PP_006VZAJ.1,Argentina,,MN258164.1
M,193,A,PP_006VZAJ.1,Argentina,,MN258197.1
L,70,I,PP_006VZBG.1,Argentina,,MN258165.1
L,144,R,PP_006VZBG.1,Argentina,,MN258165.1
M,193,A,PP_006VZBG.1,Argentina,,MN258198.1
L,70,I,PP_006VZCE.1,Argentina,,MN258166.1
L,144,R,PP_006VZCE.1,Argentina,,MN258166.1
M,193,A,PP_006VZCE.1,Argentina,,MN258199.1
L,70,I,PP_006VZDC.1,Argentina,,MN258167.1
L,144,R,PP_006VZDC.1,Argentina,,MN258167.1
M,193,A,PP_006VZDC.1,Argentina,,MN258200.1
L,70,I,PP_006VZEA.1,Argentina,,MN258168.1
L,144,R,PP_006VZEA.1,Argentina,,MN258168.1
M,193,A,PP_006VZEA.1,Argentina,,MN258201.1
L,70,I,PP_006VZF8.1,Argentina,,MN258169.1
L,144,R,PP_006VZF8.1,Argentina,,MN258169.1
M,193,A,PP_006VZF8.1,Argentina,,MN258202.1
L,70,I,PP_006VZG6.1,Argentina,,MN258170.1
L,144,R,PP_006VZG6.1,Argentina,,MN258170.1
M,193,A,PP_006VZG6.1,Argentina,,MN258203.1
L,70,I,PP_006VZH3.1,Argentina,,MN258171.1
L,144,R,PP_006VZH3.1,Argentina,,MN258171.1
M,193,A,PP_006VZH3.1,Argentina,,MN258204.1
L,70,I,PP_006VZJ1.1,Argentina,,MN258172.1
L,144,R,PP_006VZJ1.1,Argentina,,MN258172.1
M,193,A,PP_006VZJ1.1,Argentina,,MN258205.1
L,70,I,PP_006VZKZ.1,Argentina,,MN258173.1
L,144,R,PP_006VZKZ.1,Argentina,,MN258173.1
M,193,A,PP_006VZKZ.1,Argentina,,MN258206.1
L,70,I,PP_006VZLX.1,Argentina,,MN258174.1
L,144,R,PP_006VZLX.1,Argentina,,MN258174.1
M,193,A,PP_006VZLX.1,Argentina,,MN258207.1
L,70,I,PP_006VZMV.1,Argentina,,MN258175.1
L,144,R,PP_006VZMV.1,Argentina,,MN258175.1
M,193,A,PP_006VZMV.1,Argentina,,MN258208.1
L,70,I,PP_006VZNT.1,Argentina,,MN258176.1
L,144,R,PP_006VZNT.1,Argentina,,MN258176.1
M,193,A,PP_006VZNT.1,Argentina,,MN258209.1
L,70,I,PP_006VZPR.1,Argentina,,MN258177.1
L,144,R,PP_006VZPR.1,Argentina,,MN258177.1
M,193,A,PP_006VZPR.1,Argentina,,MN258210.1
L,70,I,PP_006VZQP.1,Argentina,,MN258178.1
L,144,R,PP_006VZQP.1,Argentina,,MN258178.1
M,193,A,PP_006VZQP.1,Argentina,,MN258211.1
L,70,I,PP_006VZRM.1,Argentina,,MN258179.1
L,144,R,PP_006VZRM.1,Argentina,,MN258179.1
M,193,A,PP_006VZRM.1,Argentina,,MN258212.1
L,70,I,PP_006VZSK.1,Argentina,,MN258180.1
L,144,R,PP_006VZSK.1,Argentina,,MN258180.1
M,193,A,PP_006VZSK.1,Argentina,,MN258213.1
L,70,I,PP_006VZTH.1,Argentina,,MN258181.1
L,144,R,PP_006VZTH.1,Argentina,,MN258181.1
M,193,A,PP_006VZTH.1,Argentina,,MN258214.1
L,70,I,PP_006VZUF.1,Argentina,,MN258182.1
L,144,R,PP_006VZUF.1,Argentina,,MN258182.1
M,193,A,PP_006VZUF.1,Argentina,,MN258216.1
L,70,I,PP_006VZVD.1,Argentina,,MN258183.1
L,144,R,PP_006VZVD.1,Argentina,,MN258183.1
M,193,A,PP_006VZVD.1,Argentina,,MN258217.1
L,70,I,PP_006VZWB.1,Argentina,,MN258184.1
L,144,R,PP_006VZWB.1,Argentina,,MN258184.1
M,193,A,PP_006VZWB.1,Argentina,,MN258218.1
L,70,I,PP_006VZX9.1,Argentina,,MN258185.1
L,144,R,PP_006VZX9.1,Argentina,,MN258185.1
M,193,A,PP_006VZX9.1,Argentina,,MN258219.1
L,70,I,PP_006VZY7.1,Argentina,,MN258186.1
L,144,R,PP_006VZY7.1,Argentina,,MN258186.1
M,193,A,PP_006VZY7.1,Argentina,,MN258220.1
L,70,I,PP_006VZZ5.1,Argentina,,MN258187.1
L,144,R,PP_006VZZ5.1,Argentina,,MN258187.1
M,193,A,PP_006VZZ5.1,Argentina,,MN258221.1
L,70,I,PP_006W001.1,Argentina,,MN258188.1
L,144,R,PP_006W001.1,Argentina,,MN258188.1
M,193,A,PP_006W001.1,Argentina,,MN258222.1
M,193,A,PP_006W01Z.1,Argentina,,MN258215.1
L,70,I,PP_006W07M.1,,,MN850093.1
L,144,R,PP_006W07M.1,,,MN850093.1
M,193,A,PP_006W07M.1,,,MN850088.1
L,70,I,PP_006W08K.1,,,MN850094.1
L,144,R,PP_006W08K.1,,,MN850094.1
M,193,A,PP_006W08K.1,,,MN850089.1
L,70,I,PP_006W09H.1,,,MN850095.1
L,144,R,PP_006W09H.1,,,MN850095.1
M,193,A,PP_006W09H.1,,,MN850090.1
L,70,I,PP_006W0AF.1,,,MN850096.1
L,144,R,PP_006W0AF.1,,,MN850096.1
M,193,A,PP_006W0AF.1,,,MN850091.1
L,70,I,PP_006W0BD.1,,,MN850097.1
L,144,R,PP_006W0BD.1,,,MN850097.1
M,193,A,PP_006W0BD.1,,,MN850092.1
L,70,I,PP_006W0CB.1,Chile,1999,MT956620.1
L,144,R,PP_006W0CB.1,Chile,1999,MT956620.1
M,193,A,PP_006W0CB.1,Chile,1999,MT956619.1
L,70,I,PP_006W0D9.1,Chile,1997,MT956621.1
L,144,R,PP_006W0D9.1,Chile,1997,MT956621.1
M,193,A,PP_006W0D9.1,Chile,1997,MT956623.1
L,70,I,PP_006W0E7.1,,,NC_003468.2
L,144,R,PP_006W0E7.1,,,NC_003468.2
M,193,A,PP_006W0E7.1,,,NC_003467.2
M,193,A,PP_006W0PN.1,Argentina,,OP555724.1
L,70,I,PP_006W0QL.1,Argentina,,OP555732.1
M,193,A,PP_006W0QL.1,Argentina,,OP555725.1
L,70,I,PP_006W0RJ.1,Argentina,,OP555733.1
M,193,A,PP_006W0RJ.1,Argentina,,OP555726.1
L,70,I,PP_006W0SG.1,Argentina,,OP555734.1
M,193,A,PP_006W0SG.1,Argentina,,OP555727.1
L,70,I,PP_006W0TE.1,Argentina,,OP555735.1
M,193,A,PP_006W0TE.1,Argentina,,OP555729.1
L,70,I,PP_006W0UC.1,Argentina,,OP555736.1
L,144,R,PP_006W0UC.1,Argentina,,OP555736.1
M,193,A,PP_006W0UC.1,Argentina,,OP555731.1
L,70,I,PP_006W0VA.1,Brazil,2022-12-09,OQ092243.1
L,144,R,PP_006W0VA.1,Brazil,2022-12-09,OQ092243.1
M,193,A,PP_006W0W8.1,Switzerland,2022,OR405521.1
M,193,A,PP_006W0X6.1,Switzerland,2016,OR405524.1
M,193,A,PP_006W1G2.1,Argentina,2002,OR965908.1
M,193,A,PP_006W1HZ.1,Argentina,2002,OR965909.1
M,193,A,PP_006W1JX.1,Argentina,2002,OR965910.1
M,193,A,PP_006W1KV.1,Argentina,2002,OR965911.1
M,193,A,PP_006W1LT.1,Argentina,2016,OR987853.1
L,144,R,PP_006W1RH.1,Argentina,2018,PP003836.1
M,193,A,PP_006W1RH.1,Argentina,2018,PP151163.1
L,144,R,PP_006W1SF.1,Argentina,2018,PP003837.1
M,193,A,PP_006W1SF.1,Argentina,2018,PP151164.1
L,70,I,PP_006W1V9.1,Argentina,1998,PP058737.1
L,144,R,PP_006W1V9.1,Argentina,1998,PP058737.1
L,70,I,PP_006W1X5.1,Argentina,1990,PP058739.1
L,144,R,PP_006W1X5.1,Argentina,1990,PP058739.1
M,193,A,PP_006W1Z1.1,Argentina,1990,PP058741.1
L,70,I,PP_006W20Z.1,Argentina,2002,PP151165.1
L,144,R,PP_006W20Z.1,Argentina,2002,PP151165.1
L,70,I,PP_006W21X.1,Argentina,2002,PP151166.1
L,144,R,PP_006W21X.1,Argentina,2002,PP151166.1
L,70,I,PP_006W22V.1,Argentina,2002,PP151167.1
L,144,R,PP_006W22V.1,Argentina,2002,PP151167.1
L,70,I,PP_006W23T.1,Argentina,2002,PP151168.1
L,144,R,PP_006W23T.1,Argentina,2002,PP151168.1
L,70,I,PP_006W24R.1,Argentina,2002,PP151169.1
L,144,R,PP_006W24R.1,Argentina,2002,PP151169.1
M,193,A,PP_006W24R.1,Argentina,2002,OR987851.1
L,70,I,PP_006W25P.1,Argentina,2002,PP151170.1
L,144,R,PP_006W25P.1,Argentina,2002,PP151170.1
M,193,A,PP_006W25P.1,Argentina,2002,OR987852.1
L,70,I,PP_006W26M.1,Argentina,2016,PP151171.1
L,144,R,PP_006W26M.1,Argentina,2016,PP151171.1
L,144,R,PP_006W27K.1,Argentina,2019,PP151172.1
M,193,A,PP_006W27K.1,Argentina,2019,OR987856.1
L,70,I,PP_006W2C9.1,Argentina,2022,PQ215670.1
L,144,R,PP_006W2C9.1,Argentina,2022,PQ215670.1
M,193,A,PP_006W2C9.1,Argentina,2022,PQ215669.1
L,70,I,PP_006W2F3.1,Chile,2024-06-27,PV796318.1
M,193,A,PP_006W2F3.1,Chile,2024-06-27,PV796317.1
L,70,I,PP_006W2G1.1,Chile,2024-06-27,PV808469.1
M,193,A,PP_006W2G1.1,Chile,2024-06-27,PV808468.1
L,70,I,PP_006W2HY.1,Chile,1999,PV808472.1
L,144,R,PP_006W2HY.1,Chile,1999,PV808472.1
M,193,A,PP_006W2HY.1,Chile,1999,PV808471.1
L,70,I,PP_006W2JW.1,Chile,2024-07-24,PV808475.1
M,193,A,PP_006W2JW.1,Chile,2024-07-24,PV808474.1
L,70,I,PP_006W2KU.1,Chile,2024-07-30,PV808478.1
M,193,A,PP_006W2KU.1,Chile,2024-07-30,PV808477.1
L,144,R,PP_006W3U9.2,Netherlands,2026-05-06,
M,193,A,PP_006W6RC.2,Netherlands,2026-05-03,
M,516,I,PP_006W6RC.2,Netherlands,2026-05-03,
L,70,I,PP_006WBLH.2,Switzerland,2026-05-04,PZ385161.1
L,144,R,PP_006WBLH.2,Switzerland,2026-05-04,PZ385161.1
M,193,A,PP_006WBLH.2,Switzerland,2026-05-04,PZ385162.1
M,516,I,PP_006WBLH.2,Switzerland,2026-05-04,PZ385162.1
L,70,I,PP_006WDJK.1,South Africa,2026-05-02,
L,144,R,PP_006WDJK.1,South Africa,2026-05-02,
L,70,I,PP_006WDKH.1,South Africa,2026-04-26,
L,144,R,PP_006WDKH.1,South Africa,2026-04-26,
L,70,I,PP_006XBKH.1,France,2026-05-10,
L,144,R,PP_006XBKH.1,France,2026-05-10,
M,193,A,PP_006XBKH.1,France,2026-05-10,
M,516,I,PP_006XBKH.1,France,2026-05-10,
L,144,R,PP_006XDHK.2,Canada,2026-05-15,
L,144,R,PP_006XDJH.2,Canada,2026-05-15,
