accessionVersion,segment,nt_len,aa_len,identity_to_swiss,aa_differences_in_overlap,compared_aa,frame,orf_start,country,collectionDate,displayName,insdc,host,completeness,length_meta
PP_006WBLH.2,L,6561,2153,1.0,0,2153,2,34,Switzerland,2026-05-04,Switzerland/PP_006WBLH.2/2026-05-04,PZ385161.1,Homo sapiens,0.9996952148735142,6561
PP_006WDJK.1,L,6528,2153,1.0,0,2150,2,28,South Africa,2026-05-02,South_Africa/PP_006WDJK.1/2026-05-02,,Homo sapiens,0.9939042974702834,6528
PP_006XBKH.1,L,6545,2153,1.0,0,2153,1,30,France,2026-05-10,France/PP_006XBKH.1/2026-05-10,,Homo sapiens,0.9974093264248705,6545
PP_006WDKH.1,L,6478,2150,1.0,0,2140,3,26,South Africa,2026-04-26,South_Africa/PP_006WDKH.1/2026-04-26,,Homo sapiens,0.9849131362389515,6478
PP_006VZ4W.1,L,6540,2153,0.999071,2,2153,2,31,Argentina,,Argentina/PP_006VZ4W.1,MN258158.1,Homo sapiens,0.9966473636086559,6540
PP_006VZ5U.1,L,6545,2153,0.999071,2,2152,1,30,Argentina,,Argentina/PP_006VZ5U.1,MN258159.1,Homo sapiens,0.9972569338616275,6545
PP_006W0QL.1,L,6544,2153,0.999071,2,2153,3,32,Argentina,,Argentina/PP_006W0QL.1,OP555732.1,,0.9972569338616275,6544
PP_006W2HY.1,L,6561,2153,0.999071,2,2153,2,34,Chile,1999,Chile/PP_006W2HY.1/1999,PV808472.1,Homo sapiens,0.999847607436757,6561
PP_006W0CB.1,L,6466,2152,0.999071,2,2152,3,8,Chile,1999,Chile/PP_006W0CB.1/1999,MT956620.1,Homo sapiens,0.9853703139286802,6466
PP_006W2F3.1,L,6556,2153,0.998607,3,2153,1,30,Chile,2024-06-27,Chile/PP_006W2F3.1/2024-06-27,PV796318.1,Homo sapiens,0.9990856446205425,6556
PP_006W2G1.1,L,6549,2153,0.998607,3,2153,1,27,Chile,2024-06-27,Chile/PP_006W2G1.1/2024-06-27,PV808469.1,Homo sapiens,0.9980188966778422,6549
PP_006W2JW.1,L,6562,2153,0.998607,3,2153,3,35,Chile,2024-07-24,Chile/PP_006W2JW.1/2024-07-24,PV808475.1,Homo sapiens,1.0,6562
PP_006W2KU.1,L,6555,2153,0.998607,3,2153,2,28,Chile,2024-07-30,Chile/PP_006W2KU.1/2024-07-30,PV808478.1,Homo sapiens,0.9989332520572997,6555
PP_006W0RJ.1,L,6475,2152,0.998606,3,2152,3,17,Argentina,,Argentina/PP_006W0RJ.1,OP555733.1,,0.9867418469978665,6475
PP_006W0TE.1,L,6462,2151,0.998605,3,2151,3,8,Argentina,,Argentina/PP_006W0TE.1,OP555735.1,Mesocricetus auratus,0.9847607436757086,6462
PP_006W0SG.1,L,6475,2152,0.998141,4,2152,3,17,Argentina,,Argentina/PP_006W0SG.1,OP555734.1,,0.9867418469978665,6475
PP_006VZ3Y.1,L,6542,2153,0.997192,6,2137,1,30,Argentina,,Argentina/PP_006VZ3Y.1,MN258157.1,Homo sapiens,0.9900944833892106,6542
PP_006VZ6S.1,L,6539,2153,0.99674,7,2147,1,30,Argentina,,Argentina/PP_006VZ6S.1,MN258160.1,Homo sapiens,0.9946662602864981,6539
PP_006VX9N.1,L,6470,2153,0.99582,9,2153,3,8,Switzerland,2016-12-26,Switzerland/PP_006VX9N.1/2016-12-26,KY659431.1,Homo sapiens,0.9859798841816519,6470
PP_006VZ20.1,L,6546,2153,0.995355,10,2153,3,32,Argentina,,Argentina/PP_006VZ20.1,MN258156.1,Homo sapiens,0.9975617189881134,6546
PP_006VZAJ.1,L,6542,2153,0.995355,10,2153,1,30,Argentina,,Argentina/PP_006VZAJ.1,MN258164.1,Homo sapiens,0.9969521487351417,6542
PP_006VZBG.1,L,6541,2153,0.995355,10,2153,1,30,Argentina,,Argentina/PP_006VZBG.1,MN258165.1,Homo sapiens,0.9967997561718989,6541
PP_006VZCE.1,L,6543,2153,0.995355,10,2153,1,30,Argentina,,Argentina/PP_006VZCE.1,MN258166.1,Homo sapiens,0.9971045412983847,6543
PP_006VZDC.1,L,6531,2153,0.995355,10,2153,2,25,Argentina,,Argentina/PP_006VZDC.1,MN258167.1,Homo sapiens,0.9952758305394697,6531
PP_006VZEA.1,L,6541,2153,0.995355,10,2153,1,30,Argentina,,Argentina/PP_006VZEA.1,MN258168.1,Homo sapiens,0.9967997561718989,6541
PP_006VZF8.1,L,6543,2153,0.995355,10,2153,2,31,Argentina,,Argentina/PP_006VZF8.1,MN258169.1,Homo sapiens,0.9971045412983847,6543
PP_006VZH3.1,L,6547,2153,0.995355,10,2153,2,31,Argentina,,Argentina/PP_006VZH3.1,MN258171.1,Homo sapiens,0.9977141115513563,6547
PP_006VZJ1.1,L,6541,2153,0.995355,10,2153,1,30,Argentina,,Argentina/PP_006VZJ1.1,MN258172.1,Homo sapiens,0.9967997561718989,6541
PP_006VZKZ.1,L,6539,2153,0.995355,10,2153,2,31,Argentina,,Argentina/PP_006VZKZ.1,MN258173.1,Homo sapiens,0.996494971045413,6539
PP_006VZLX.1,L,6546,2153,0.995355,10,2153,1,33,Argentina,,Argentina/PP_006VZLX.1,MN258174.1,Homo sapiens,0.9975617189881134,6546
PP_006VZMV.1,L,6531,2153,0.995355,10,2153,2,25,Argentina,,Argentina/PP_006VZMV.1,MN258175.1,Homo sapiens,0.9952758305394697,6531
PP_006VZNT.1,L,6532,2153,0.995355,10,2153,2,25,Argentina,,Argentina/PP_006VZNT.1,MN258176.1,Homo sapiens,0.9954282231027126,6532
PP_006VZPR.1,L,6542,2153,0.995355,10,2153,1,30,Argentina,,Argentina/PP_006VZPR.1,MN258177.1,Homo sapiens,0.9969521487351417,6542
PP_006VZQP.1,L,6541,2153,0.995355,10,2153,1,30,Argentina,,Argentina/PP_006VZQP.1,MN258178.1,Homo sapiens,0.9967997561718989,6541
PP_006VZRM.1,L,6533,2153,0.995355,10,2153,2,25,Argentina,,Argentina/PP_006VZRM.1,MN258179.1,Homo sapiens,0.9955806156659555,6533
PP_006VZSK.1,L,6532,2153,0.995355,10,2153,2,25,Argentina,,Argentina/PP_006VZSK.1,MN258180.1,Homo sapiens,0.9954282231027126,6532
PP_006VZTH.1,L,6542,2153,0.995355,10,2153,1,30,Argentina,,Argentina/PP_006VZTH.1,MN258181.1,Homo sapiens,0.9969521487351417,6542
PP_006VZUF.1,L,6539,2153,0.995355,10,2153,1,30,Argentina,,Argentina/PP_006VZUF.1,MN258182.1,Homo sapiens,0.996494971045413,6539
PP_006VZVD.1,L,6542,2153,0.995355,10,2153,1,30,Argentina,,Argentina/PP_006VZVD.1,MN258183.1,Homo sapiens,0.9969521487351417,6542
PP_006VZWB.1,L,6542,2153,0.995355,10,2153,1,30,Argentina,,Argentina/PP_006VZWB.1,MN258184.1,Homo sapiens,0.9966473636086559,6542
PP_006VZX9.1,L,6546,2153,0.995355,10,2153,2,31,Argentina,,Argentina/PP_006VZX9.1,MN258185.1,Homo sapiens,0.9975617189881134,6546
PP_006VZY7.1,L,6546,2153,0.995355,10,2153,1,30,Argentina,,Argentina/PP_006VZY7.1,MN258186.1,Homo sapiens,0.9972569338616275,6546
PP_006VZZ5.1,L,6543,2153,0.995355,10,2153,1,30,Argentina,,Argentina/PP_006VZZ5.1,MN258187.1,Homo sapiens,0.9971045412983847,6543
PP_006W001.1,L,6549,2153,0.995355,10,2153,3,35,Argentina,,Argentina/PP_006W001.1,MN258188.1,Homo sapiens,0.9980188966778422,6549
PP_006VZ7Q.1,L,6548,2153,0.995353,10,2152,3,32,Argentina,,Argentina/PP_006VZ7Q.1,MN258161.1,Homo sapiens,0.9977141115513563,6548
PP_006VZ9L.1,L,6529,2153,0.995347,10,2149,3,23,Argentina,,Argentina/PP_006VZ9L.1,MN258163.1,Homo sapiens,0.9939042974702834,6529
PP_006VZG6.1,L,6531,2153,0.995323,10,2138,1,24,Argentina,,Argentina/PP_006VZG6.1,MN258170.1,Homo sapiens,0.9890277354465102,6531
PP_006VZ8N.1,L,6528,2153,0.995272,10,2115,2,25,Argentina,,Argentina/PP_006VZ8N.1,MN258162.1,Homo sapiens,0.9775982932032917,6528
PP_006W07M.1,L,6464,2153,0.994891,11,2153,3,2,,,PP_006W07M.1,MN850093.1,,0.9850655288021944,6464
PP_006W08K.1,L,6562,2153,0.994891,11,2153,3,35,,,PP_006W08K.1,MN850094.1,,1.0,6562
PP_006W09H.1,L,6528,2153,0.994891,11,2153,3,23,,,PP_006W09H.1,MN850095.1,,0.9948186528497409,6528
PP_006W0AF.1,L,6531,2153,0.994891,11,2153,2,25,,,PP_006W0AF.1,MN850096.1,,0.9952758305394697,6531
PP_006W2C9.1,L,6477,2147,0.994877,11,2147,2,34,Argentina,2022,Argentina/PP_006W2C9.1/2022,PQ215670.1,,0.9870466321243523,6477
PP_006VNZG.1,L,6562,2153,0.994426,12,2153,3,35,,,PP_006VNZG.1,AF291704.5,,1.0,6562
PP_006W0BD.1,L,6532,2153,0.994426,12,2153,2,25,,,PP_006W0BD.1,MN850097.1,,0.9954282231027126,6532
PP_006W0E7.1,L,6562,2153,0.994426,12,2153,3,35,,,PP_006W0E7.1,NC_003468.2,,1.0,6562
PP_006W0D9.1,L,6563,2153,0.993497,14,2153,3,35,Chile,1997,Chile/PP_006W0D9.1/1997,MT956621.1,Oligoryzomys longicaudatus,1.0,6563
PP_006VQHC.1,L,6466,2152,0.99303,15,2152,3,8,Chile,,Chile/PP_006VQHC.1,AY228239.1,Homo sapiens,0.9852179213654374,6466
PP_006W21X.1,L,6482,2149,0.952071,103,2149,3,35,Argentina,2002,Argentina/PP_006W21X.1/2002,PP151166.1,Homo sapiens,0.9878085949405669,6482
PP_006W24R.1,L,6473,2146,0.952004,103,2146,1,33,Argentina,2002,Argentina/PP_006W24R.1/2002,PP151169.1,Homo sapiens,0.9864370618713807,6473
PP_006W25P.1,L,6443,2139,0.951847,103,2139,2,25,Argentina,2002,Argentina/PP_006W25P.1/2002,PP151170.1,Homo sapiens,0.9818652849740933,6443
PP_006W22V.1,L,6443,2139,0.951379,104,2139,2,25,Argentina,2002,Argentina/PP_006W22V.1/2002,PP151167.1,Homo sapiens,0.9818652849740933,6443
PP_006W23T.1,L,6443,2139,0.951379,104,2139,2,25,Argentina,2002,Argentina/PP_006W23T.1/2002,PP151168.1,Homo sapiens,0.9818652849740933,6443
PP_006W26M.1,L,6443,2139,0.951379,104,2139,2,25,Argentina,2016,Argentina/PP_006W26M.1/2016,PP151171.1,Homo sapiens,0.9818652849740933,6443
PP_006W0UC.1,L,6443,2139,0.950444,106,2139,2,25,Argentina,,Argentina/PP_006W0UC.1,OP555736.1,Homo sapiens,0.9818652849740933,6443
PP_006W20Z.1,L,6443,2139,0.950444,106,2139,2,25,Argentina,2002,Argentina/PP_006W20Z.1/2002,PP151165.1,Homo sapiens,0.9818652849740933,6443
PP_006W1V9.1,L,6540,2153,0.948444,111,2153,1,30,Argentina,1998,Argentina/PP_006W1V9.1/1998,PP058737.1,,0.996494971045413,6540
PP_006W27K.1,L,6563,2153,0.94798,112,2153,1,33,Argentina,2019,Argentina/PP_006W27K.1/2019,PP151172.1,Homo sapiens,0.9989332520572997,6563
PP_006W0VA.1,L,6538,2153,0.947515,113,2153,3,11,Brazil,2022-12-09,Brazil/PP_006W0VA.1/2022-12-09,OQ092243.1,Homo sapiens,0.9986284669308138,6538
PP_006W1RH.1,L,6558,2153,0.946122,116,2153,3,29,Argentina,2018,Argentina/PP_006W1RH.1/2018,PP003836.1,Homo sapiens,0.9980188966778422,6558
PP_006W1SF.1,L,6587,2153,0.943335,122,2153,2,31,Argentina,2018,Argentina/PP_006W1SF.1/2018,PP003837.1,Homo sapiens,0.9993904297470283,6587
PP_006W1X5.1,L,6623,2153,0.936832,136,2153,1,105,Argentina,1990,Argentina/PP_006W1X5.1/1990,PP058739.1,Necromys sp.,0.9987808594940567,6623
PP_006W1W7.1,L,6537,2153,0.900139,215,2153,3,23,Paraguay,1997,Paraguay/PP_006W1W7.1/1997,PP058738.1,Calomys laucha,0.996494971045413,6537
PP_006VQ9V.1,L,431,110,0.644737,27,76,1,33,,,PP_006VQ9V.1,AH011553.2,,0.9844559585492227,431
PP_006VT18.1,L,6562,148,0.087838,135,148,3,1349,,,PP_006VT18.1,FV536442.1,,1.0,6562
PP_006VVCJ.1,L,6562,148,0.087838,135,148,3,1349,,,PP_006VVCJ.1,FV536443.1,,1.0,6562
PP_006W2AD.1,L,3892,1271,0.065354,1187,1270,2,79,Argentina,2002,Argentina/PP_006W2AD.1/2002,PP504849.1,Homo sapiens,0.5928070710149345,3892
PP_006W6RC.2,L,6456,2112,0.063618,1884,2012,1,69,Netherlands,2026-05-03,Netherlands/PP_006W6RC.2/2026-05-03,,Homo sapiens,0.9384334044498629,6456
PP_006W2E5.1,L,1675,557,0.062837,522,557,2,4,Argentina,2024,Argentina/PP_006W2E5.1/2024,PQ373861.1,Homo sapiens,0.2552575434318805,1675
PP_006XDHK.2,L,6409,2103,0.062711,1943,2073,3,98,Canada,2026-05-15,Canada/PP_006XDHK.2/2026-05-15,,Homo sapiens,0.962968607131972,6409
PP_006W3U9.2,L,6470,2112,0.0625,1980,2112,2,79,Netherlands,2026-05-06,Netherlands/PP_006W3U9.2/2026-05-06,,Homo sapiens,0.9859798841816519,6470
PP_006W0W8.1,L,6244,2050,0.061981,1922,2049,1,93,Switzerland,2022,Switzerland/PP_006W0W8.1/2022,OR405522.1,Homo sapiens,0.9513867723255105,6244
PP_006XDJH.2,L,6367,2103,0.061884,1713,1826,3,56,Canada,2026-05-15,Canada/PP_006XDJH.2/2026-05-15,,Homo sapiens,0.8450167631819567,6367
PP_006W0X6.1,L,5924,1908,0.058176,1797,1908,2,199,Switzerland,2016,Switzerland/PP_006W0X6.1/2016,OR405523.1,Homo sapiens,0.902773544651021,5924
PP_006VX06.1,L,572,190,0.057895,179,190,2,1,Peru,2010,Peru/PP_006VX06.1/2010,KF581136.1,Neacomys spinosus,0.08716854617494667,572
PP_006VP2A.1,L,606,167,0.047904,159,167,1,105,,,PP_006VP2A.1,AF324900.1,,0.09234989332520573,606
PP_006W6RC.2,M,3633,1138,1.0,0,1138,2,37,Netherlands,2026-05-03,Netherlands/PP_006W6RC.2/2026-05-03,,Homo sapiens,0.9874693543993462,3633
PP_006WBLH.2,M,3649,1138,1.0,0,1138,2,43,Switzerland,2026-05-04,Switzerland/PP_006WBLH.2/2026-05-04,PZ385162.1,Homo sapiens,0.9940070825388178,3649
PP_006XBKH.1,M,3654,1138,1.0,0,1138,2,49,France,2026-05-10,France/PP_006XBKH.1/2026-05-10,,Homo sapiens,0.9942794878779624,3654
PP_006VT0A.1,M,489,163,1.0,0,163,1,0,Chile,,Chile/PP_006VT0A.1,EU241644.1,Oligoryzomys longicaudatus,0.1332062108417325,489
PP_006VT42.1,M,490,163,1.0,0,163,1,0,Chile,,Chile/PP_006VT42.1,EU241647.1,Oligoryzomys longicaudatus,0.13347861618087714,490
PP_006W06P.1,M,540,79,1.0,0,79,1,51,Chile,2012-11,Chile/PP_006W06P.1/2012-11,MN807444.1,Homo sapiens,0.1470988831381095,540
PP_006VZ4W.1,M,3655,1138,0.998243,2,1138,3,47,Argentina,,Argentina/PP_006VZ4W.1,MN258191.1,Homo sapiens,0.9934622718605285,3655
PP_006W0QL.1,M,3652,1138,0.998243,2,1138,1,48,Argentina,,Argentina/PP_006W0QL.1,OP555725.1,,0.9948242985562517,3652
PP_006W0RJ.1,M,3661,1138,0.998243,2,1138,1,48,Argentina,,Argentina/PP_006W0RJ.1,OP555726.1,,0.9972759466085536,3661
PP_006W0TE.1,M,3651,1138,0.998243,2,1138,3,41,Argentina,,Argentina/PP_006W0TE.1,OP555729.1,Mesocricetus auratus,0.994551893217107,3651
PP_006W2F3.1,M,3657,1138,0.998243,2,1138,3,44,Chile,2024-06-27,Chile/PP_006W2F3.1/2024-06-27,PV796317.1,Homo sapiens,0.9961863252519749,3657
PP_006W2G1.1,M,3654,1138,0.998243,2,1138,2,43,Chile,2024-06-27,Chile/PP_006W2G1.1/2024-06-27,PV808468.1,Homo sapiens,0.995369109234541,3654
PP_006W2JW.1,M,3664,1138,0.998243,2,1138,3,44,Chile,2024-07-24,Chile/PP_006W2JW.1/2024-07-24,PV808474.1,Homo sapiens,0.9980931626259875,3664
PP_006W2KU.1,M,3659,1138,0.998243,2,1138,2,46,Chile,2024-07-30,Chile/PP_006W2KU.1/2024-07-30,PV808477.1,Homo sapiens,0.9967311359302642,3659
PP_006W0PN.1,M,3555,1138,0.998205,2,1114,1,24,Argentina,,Argentina/PP_006W0PN.1,OP555724.1,Oligoryzomys longicaudatus,0.9515118496322528,3555
PP_006VZ5U.1,M,3658,1138,0.997364,3,1138,2,49,Argentina,,Argentina/PP_006VZ5U.1,MN258192.1,Homo sapiens,0.9942794878779624,3658
PP_006W0SG.1,M,3660,1138,0.997364,3,1138,1,48,Argentina,,Argentina/PP_006W0SG.1,OP555727.1,,0.9970035412694089,3660
PP_006W05R.1,M,2031,677,0.997046,2,677,1,0,Chile,2012-11,Chile/PP_006W05R.1/2012-11,MN807443.1,Homo sapiens,0.5532552438027786,2031
PP_006VWNW.1,M,3668,1138,0.995606,5,1138,1,48,Switzerland,2016-12-23,Switzerland/PP_006VWNW.1/2016-12-23,KY604962.1,Homo sapiens,0.9991827839825661,3668
PP_006W0X6.1,M,3606,1138,0.995606,5,1138,2,22,Switzerland,2016,Switzerland/PP_006W0X6.1/2016,OR405524.1,Homo sapiens,0.9822936529555979,3606
PP_006VLCT.1,M,592,191,0.994764,1,191,3,17,,,PP_006VLCT.1,AF004659.1,,0.16126396077363117,592
PP_006VLHG.1,M,592,191,0.994764,1,191,3,17,,,PP_006VLHG.1,AF005944.1,,0.16126396077363117,592
PP_006W0CB.1,M,3641,1138,0.994728,6,1138,1,33,Chile,1999,Chile/PP_006W0CB.1/1999,MT956619.1,Homo sapiens,0.9918278398256606,3641
PP_006W2HY.1,M,3670,1138,0.994728,6,1138,3,50,Chile,1999,Chile/PP_006W2HY.1/1999,PV808471.1,Homo sapiens,0.9997275946608554,3670
PP_006VSYE.1,M,490,163,0.993865,1,163,1,0,Chile,,Chile/PP_006VSYE.1,EU241642.1,Oligoryzomys longicaudatus,0.13347861618087714,490
PP_006VT26.1,M,490,163,0.993865,1,163,1,0,Chile,,Chile/PP_006VT26.1,EU241645.1,Oligoryzomys longicaudatus,0.13347861618087714,490
PP_006VT34.1,M,490,163,0.993865,1,163,1,0,Chile,,Chile/PP_006VT34.1,EU241646.1,Oligoryzomys longicaudatus,0.13347861618087714,490
PP_006VT50.1,M,490,163,0.993865,1,163,1,0,Chile,,Chile/PP_006VT50.1,EU241648.1,Oligoryzomys longicaudatus,0.13347861618087714,490
PP_006VT6Y.1,M,489,163,0.993865,1,163,1,0,Chile,,Chile/PP_006VT6Y.1,EU241649.1,Oligoryzomys longicaudatus,0.1332062108417325,489
PP_006VZ3Y.1,M,3646,1138,0.993849,7,1138,2,43,Argentina,,Argentina/PP_006VZ3Y.1,MN258190.1,Homo sapiens,0.9910106238082267,3646
PP_006W0AF.1,M,3643,1138,0.993849,7,1138,3,41,,,PP_006W0AF.1,MN850091.1,,0.9923726505039498,3643
PP_006W0W8.1,M,3425,1134,0.993816,7,1132,2,22,Switzerland,2022,Switzerland/PP_006W0W8.1/2022,OR405521.1,Homo sapiens,0.9324434758921275,3425
PP_006W01Z.1,M,3386,1115,0.993157,7,1023,3,41,Argentina,,Argentina/PP_006W01Z.1,MN258215.1,Homo sapiens,0.8493598474530101,3386
PP_006VP2A.1,M,3668,1138,0.99297,8,1138,1,48,,,PP_006VP2A.1,AF324901.2,,0.9991827839825661,3668
PP_006VZ6S.1,M,3650,1138,0.992091,9,1138,2,43,Argentina,,Argentina/PP_006VZ6S.1,MN258193.1,Homo sapiens,0.9921002451648052,3650
PP_006W07M.1,M,3639,1138,0.992091,9,1138,1,45,,,PP_006W07M.1,MN850088.1,,0.9891037864342141,3639
PP_006W08K.1,M,3679,1138,0.992091,9,1138,1,51,,,PP_006W08K.1,MN850089.1,,1.0,3679
PP_006W09H.1,M,3643,1138,0.992091,9,1138,3,41,,,PP_006W09H.1,MN850090.1,,0.9901934077907927,3643
PP_006VNZG.1,M,3671,1138,0.991213,10,1138,1,51,,,PP_006VNZG.1,AF291703.2,,1.0,3671
PP_006VQN2.1,M,3671,1138,0.991213,10,1138,1,51,,,PP_006VQN2.1,DL139691.1,,1.0,3671
PP_006VQYG.1,M,3671,1138,0.991213,10,1138,1,51,,,PP_006VQYG.1,DI161196.1,,1.0,3671
PP_006VVUK.1,M,3671,1138,0.991213,10,1138,1,51,,,PP_006VVUK.1,HV984408.1,,1.0,3671
PP_006VYEB.1,M,3417,1138,0.991213,10,1138,1,0,,,PP_006VYEB.1,MN095801.1,,0.9308090438572596,3417
PP_006VYH4.1,M,3417,1138,0.991213,10,1138,1,0,,,PP_006VYH4.1,MN095804.1,,0.9308090438572596,3417
PP_006VZ20.1,M,3667,1138,0.991213,10,1138,2,49,Argentina,,Argentina/PP_006VZ20.1,MN258189.1,Homo sapiens,0.9964587305911196,3667
PP_006VZ8N.1,M,3639,1138,0.991213,10,1138,1,39,Argentina,,Argentina/PP_006VZ8N.1,MN258195.1,Homo sapiens,0.9891037864342141,3639
PP_006VZ9L.1,M,3645,1138,0.991213,10,1138,3,41,Argentina,,Argentina/PP_006VZ9L.1,MN258196.1,Homo sapiens,0.9907382184690819,3645
PP_006VZAJ.1,M,3655,1138,0.991213,10,1138,3,47,Argentina,,Argentina/PP_006VZAJ.1,MN258197.1,Homo sapiens,0.9934622718605285,3655
PP_006VZBG.1,M,3657,1138,0.991213,10,1138,2,49,Argentina,,Argentina/PP_006VZBG.1,MN258198.1,Homo sapiens,0.9940070825388178,3657
PP_006VZCE.1,M,3658,1138,0.991213,10,1138,1,48,Argentina,,Argentina/PP_006VZCE.1,MN258199.1,Homo sapiens,0.9942794878779624,3658
PP_006VZDC.1,M,3633,1138,0.991213,10,1138,3,38,Argentina,,Argentina/PP_006VZDC.1,MN258200.1,Homo sapiens,0.9874693543993462,3633
PP_006VZEA.1,M,3651,1138,0.991213,10,1138,3,41,Argentina,,Argentina/PP_006VZEA.1,MN258201.1,Homo sapiens,0.9923726505039498,3651
PP_006VZF8.1,M,3659,1138,0.991213,10,1138,2,49,Argentina,,Argentina/PP_006VZF8.1,MN258202.1,Homo sapiens,0.994551893217107,3659
PP_006VZG6.1,M,3633,1138,0.991213,10,1138,3,38,Argentina,,Argentina/PP_006VZG6.1,MN258203.1,Homo sapiens,0.9874693543993462,3633
PP_006VZH3.1,M,3656,1138,0.991213,10,1138,1,48,Argentina,,Argentina/PP_006VZH3.1,MN258204.1,Homo sapiens,0.9937346771996731,3656
PP_006VZJ1.1,M,3654,1138,0.991213,10,1138,2,46,Argentina,,Argentina/PP_006VZJ1.1,MN258205.1,Homo sapiens,0.9931898665213839,3654
PP_006VZKZ.1,M,3655,1138,0.991213,10,1138,1,48,Argentina,,Argentina/PP_006VZKZ.1,MN258206.1,Homo sapiens,0.9934622718605285,3655
PP_006VZLX.1,M,3661,1138,0.991213,10,1138,2,49,Argentina,,Argentina/PP_006VZLX.1,MN258207.1,Homo sapiens,0.9950967038953964,3661
PP_006VZMV.1,M,3646,1138,0.991213,10,1138,2,43,Argentina,,Argentina/PP_006VZMV.1,MN258208.1,Homo sapiens,0.9910106238082267,3646
PP_006VZNT.1,M,3652,1138,0.991213,10,1138,2,43,Argentina,,Argentina/PP_006VZNT.1,MN258209.1,Homo sapiens,0.9926450558430945,3652
PP_006VZPR.1,M,3654,1138,0.991213,10,1138,3,47,Argentina,,Argentina/PP_006VZPR.1,MN258210.1,Homo sapiens,0.9931898665213839,3654
PP_006VZQP.1,M,3654,1138,0.991213,10,1138,2,46,Argentina,,Argentina/PP_006VZQP.1,MN258211.1,Homo sapiens,0.9931898665213839,3654
PP_006VZRM.1,M,3647,1138,0.991213,10,1138,3,44,Argentina,,Argentina/PP_006VZRM.1,MN258212.1,Homo sapiens,0.9912830291473713,3647
PP_006VZSK.1,M,3647,1138,0.991213,10,1138,2,46,Argentina,,Argentina/PP_006VZSK.1,MN258213.1,Homo sapiens,0.9912830291473713,3647
PP_006VZTH.1,M,3665,1138,0.991213,10,1138,3,47,Argentina,,Argentina/PP_006VZTH.1,MN258214.1,Homo sapiens,0.9961863252519749,3665
PP_006VZUF.1,M,3654,1138,0.991213,10,1138,3,47,Argentina,,Argentina/PP_006VZUF.1,MN258216.1,Homo sapiens,0.9931898665213839,3654
PP_006VZVD.1,M,3659,1138,0.991213,10,1138,3,47,Argentina,,Argentina/PP_006VZVD.1,MN258217.1,Homo sapiens,0.994551893217107,3659
PP_006VZWB.1,M,3649,1138,0.991213,10,1138,3,41,Argentina,,Argentina/PP_006VZWB.1,MN258218.1,Homo sapiens,0.9918278398256606,3649
PP_006VZX9.1,M,3669,1138,0.991213,10,1138,1,51,Argentina,,Argentina/PP_006VZX9.1,MN258219.1,Homo sapiens,0.9972759466085536,3669
PP_006VZY7.1,M,3655,1138,0.991213,10,1138,3,47,Argentina,,Argentina/PP_006VZY7.1,MN258220.1,Homo sapiens,0.9934622718605285,3655
PP_006VZZ5.1,M,3654,1138,0.991213,10,1138,2,46,Argentina,,Argentina/PP_006VZZ5.1,MN258221.1,Homo sapiens,0.9931898665213839,3654
PP_006W001.1,M,3669,1138,0.991213,10,1138,1,51,Argentina,,Argentina/PP_006W001.1,MN258222.1,Homo sapiens,0.9972759466085536,3669
PP_006W0D9.1,M,3671,1138,0.991213,10,1138,1,51,Chile,1997,Chile/PP_006W0D9.1/1997,MT956623.1,Oligoryzomys longicaudatus,1.0,3671
PP_006W0E7.1,M,3671,1138,0.991213,10,1138,1,51,,,PP_006W0E7.1,NC_003467.2,,1.0,3671
PP_006W2C9.1,M,3647,1138,0.991213,10,1138,1,42,Argentina,2022,Argentina/PP_006W2C9.1/2022,PQ215669.1,,0.9912830291473713,3647
PP_006VXPT.1,M,3417,1138,0.990334,11,1138,1,0,,,PP_006VXPT.1,MK059784.1,,0.9308090438572596,3417
PP_006VY05.1,M,3417,1138,0.990334,11,1138,1,0,,,PP_006VY05.1,MK513889.1,,0.9308090438572596,3417
PP_006VY21.1,M,3417,1138,0.990334,11,1138,1,0,,,PP_006VY21.1,MK513891.1,,0.9308090438572596,3417
PP_006VY6T.1,M,3417,1138,0.990334,11,1138,1,0,,,PP_006VY6T.1,MK513895.1,,0.9308090438572596,3417
PP_006VY7R.1,M,3417,1138,0.990334,11,1138,1,0,,,PP_006VY7R.1,MK513896.1,,0.9308090438572596,3417
PP_006VYAK.1,M,3417,1138,0.990334,11,1138,1,0,,,PP_006VYAK.1,MK513899.1,,0.9308090438572596,3417
PP_006VYQQ.1,M,3417,1138,0.990334,11,1138,1,0,,,PP_006VYQQ.1,MN095811.1,,0.9308090438572596,3417
PP_006VYRN.1,M,3417,1138,0.990334,11,1138,1,0,,,PP_006VYRN.1,MN095812.1,,0.9308090438572596,3417
PP_006VYTJ.1,M,3418,1138,0.990334,11,1138,2,1,,,PP_006VYTJ.1,MN095814.1,,0.9310814491964042,3418
PP_006VYVE.1,M,3418,1138,0.990334,11,1138,2,1,,,PP_006VYVE.1,MN095816.1,,0.9310814491964042,3418
PP_006VYXA.1,M,3417,1138,0.990334,11,1138,1,0,,,PP_006VYXA.1,MN095818.1,,0.9308090438572596,3417
PP_006VZ04.1,M,3417,1138,0.990334,11,1138,1,0,,,PP_006VZ04.1,MN095821.1,,0.9308090438572596,3417
PP_006VZ7Q.1,M,3664,1138,0.990334,11,1138,2,46,Argentina,,Argentina/PP_006VZ7Q.1,MN258194.1,Homo sapiens,0.9959139199128303,3664
PP_006W0BD.1,M,3646,1138,0.990334,11,1138,3,41,,,PP_006W0BD.1,MN850092.1,,0.9910106238082267,3646
PP_006VLGK.1,M,592,191,0.989529,2,191,3,17,,,PP_006VLGK.1,AF005943.1,,0.16126396077363117,592
PP_006VXTK.1,M,3418,1138,0.989455,12,1138,2,1,,,PP_006VXTK.1,MK059788.1,,0.9310814491964042,3418
PP_006VXVF.1,M,3417,1138,0.989455,12,1138,1,0,,,PP_006VXVF.1,MK059790.1,,0.9308090438572596,3417
PP_006VXZ7.1,M,3417,1138,0.989455,12,1138,1,0,,,PP_006VXZ7.1,MK513888.1,,0.9308090438572596,3417
PP_006VY8P.1,M,3417,1138,0.989455,12,1138,1,0,,,PP_006VY8P.1,MK513897.1,,0.9308090438572596,3417
PP_006VYCF.1,M,3417,1138,0.989455,12,1138,1,0,,,PP_006VYCF.1,MN095799.1,,0.9308090438572596,3417
PP_006VYDD.1,M,3418,1138,0.989455,12,1138,2,1,,,PP_006VYDD.1,MN095800.1,,0.9310814491964042,3418
PP_006VYG7.1,M,3418,1138,0.989455,12,1138,2,1,,,PP_006VYG7.1,MN095803.1,,0.9310814491964042,3418
PP_006VYJ2.1,M,3417,1138,0.989455,12,1138,1,0,,,PP_006VYJ2.1,MN095805.1,,0.9308090438572596,3417
PP_006VYPS.1,M,3417,1138,0.989455,12,1138,1,0,,,PP_006VYPS.1,MN095810.1,,0.9308090438572596,3417
PP_006VYY8.1,M,3417,1138,0.989455,12,1138,1,0,,,PP_006VYY8.1,MN095819.1,,0.9308090438572596,3417
PP_006VYZ6.1,M,3417,1138,0.989455,12,1138,1,0,,,PP_006VYZ6.1,MN095820.1,,0.9308090438572596,3417
PP_006VXSM.1,M,3417,1131,0.98939,12,1131,1,0,,,PP_006VXSM.1,MK059787.1,,0.9308090438572596,3417
PP_006VXRP.1,M,3417,1138,0.988576,13,1138,1,0,,,PP_006VXRP.1,MK059786.1,,0.9308090438572596,3417
PP_006VYK0.1,M,3417,1138,0.988576,13,1138,1,0,,,PP_006VYK0.1,MN095806.1,,0.9308090438572596,3417
PP_006VYLY.1,M,3417,1138,0.988576,13,1138,1,0,,,PP_006VYLY.1,MN095807.1,,0.9308090438572596,3417
PP_006VYMW.1,M,3417,1138,0.988576,13,1138,1,0,,,PP_006VYMW.1,MN095808.1,,0.9308090438572596,3417
PP_006VYNU.1,M,3417,1138,0.988576,13,1138,1,0,,,PP_006VYNU.1,MN095809.1,,0.9308090438572596,3417
PP_006VYSL.1,M,3417,1138,0.988576,13,1138,1,0,,,PP_006VYSL.1,MN095813.1,,0.9308090438572596,3417
PP_006VYWC.1,M,3417,1138,0.988576,13,1138,1,0,,,PP_006VYWC.1,MN095817.1,,0.9308090438572596,3417
PP_006VSZC.1,M,490,163,0.98773,2,163,1,0,Chile,,Chile/PP_006VSZC.1,EU241643.1,Oligoryzomys longicaudatus,0.13347861618087714,490
PP_006VQHC.1,M,3641,1138,0.987698,14,1138,1,33,Chile,,Chile/PP_006VQHC.1,AY228238.1,Homo sapiens,0.9918278398256606,3641
PP_006VXMX.1,M,3418,1138,0.987698,14,1138,2,1,,,PP_006VXMX.1,MK059782.1,,0.9310814491964042,3418
PP_006VXQR.1,M,3417,1138,0.987698,14,1138,1,0,,,PP_006VXQR.1,MK059785.1,,0.9308090438572596,3417
PP_006VXY9.1,M,3417,1138,0.987698,14,1138,1,0,,,PP_006VXY9.1,MK513887.1,,0.9308090438572596,3417
PP_006VYF9.1,M,3417,1138,0.987698,14,1138,1,0,,,PP_006VYF9.1,MN095802.1,,0.9308090438572596,3417
PP_006VYUG.1,M,3417,1138,0.987698,14,1138,1,0,,,PP_006VYUG.1,MN095815.1,,0.9308090438572596,3417
PP_006VZ12.1,M,3417,1138,0.987698,14,1138,1,0,,,PP_006VZ12.1,MN095822.1,,0.9308090438572596,3417
PP_006VXNV.1,M,3417,1138,0.986819,15,1138,1,0,,,PP_006VXNV.1,MK059783.1,,0.9308090438572596,3417
PP_006VXUH.1,M,3417,1138,0.986819,15,1138,1,0,,,PP_006VXUH.1,MK059789.1,,0.9308090438572596,3417
PP_006VXXB.1,M,3417,1138,0.986819,15,1138,1,0,,,PP_006VXXB.1,MK513886.1,,0.9308090438572596,3417
PP_006VY13.1,M,3417,1138,0.986819,15,1138,1,0,,,PP_006VY13.1,MK513890.1,,0.9308090438572596,3417
PP_006VY4X.1,M,3417,1138,0.986819,15,1138,1,0,,,PP_006VY4X.1,MK513893.1,,0.9308090438572596,3417
PP_006VY5V.1,M,3417,1138,0.986819,15,1138,1,0,,,PP_006VY5V.1,MK513894.1,,0.9308090438572596,3417
PP_006VY9M.1,M,3417,1138,0.986819,15,1138,1,0,,,PP_006VY9M.1,MK513898.1,,0.9308090438572596,3417
PP_006VYBH.1,M,3417,1138,0.986819,15,1138,1,0,,,PP_006VYBH.1,MK513900.1,,0.9308090438572596,3417
PP_006VXWD.1,M,3417,1138,0.98594,16,1138,1,0,,,PP_006VXWD.1,MK513885.1,,0.9308090438572596,3417
PP_006VY3Z.1,M,3417,1138,0.98594,16,1138,1,0,,,PP_006VY3Z.1,MK513892.1,,0.9308090438572596,3417
PP_006VSTQ.1,M,490,163,0.969325,5,163,1,0,Chile,,Chile/PP_006VSTQ.1,EU241637.1,Oligoryzomys longicaudatus,0.13347861618087714,490
PP_006VSUN.1,M,490,163,0.96319,6,163,1,0,Chile,,Chile/PP_006VSUN.1,EU241638.1,Oligoryzomys longicaudatus,0.13347861618087714,490
PP_006VSVL.1,M,490,163,0.96319,6,163,1,0,Chile,,Chile/PP_006VSVL.1,EU241639.1,Oligoryzomys longicaudatus,0.13347861618087714,490
PP_006VT8U.1,M,473,157,0.961783,6,157,1,0,Chile,,Chile/PP_006VT8U.1,EU241650.1,Oligoryzomys longicaudatus,0.12884772541541814,473
PP_006VSWJ.1,M,490,163,0.957055,7,163,1,0,Chile,,Chile/PP_006VSWJ.1,EU241640.1,Oligoryzomys longicaudatus,0.13347861618087714,490
PP_006VSXG.1,M,372,124,0.943548,7,124,1,0,Chile,,Chile/PP_006VSXG.1,EU241641.1,Oligoryzomys longicaudatus,0.25742304549169165,372
PP_006W1RH.1,M,3628,1138,0.942882,65,1138,3,47,Argentina,2018,Argentina/PP_006W1RH.1/2018,PP151163.1,Homo sapiens,0.9931898665213839,3628
PP_006W1SF.1,M,3613,1138,0.942004,66,1138,1,39,Argentina,2018,Argentina/PP_006W1SF.1/2018,PP151164.1,Homo sapiens,0.9891037864342141,3613
PP_006W0UC.1,M,3622,1138,0.941125,67,1138,1,42,Argentina,,Argentina/PP_006W0UC.1,OP555731.1,Homo sapiens,0.991555434486516,3622
PP_006W1G2.1,M,3622,1138,0.941125,67,1138,1,42,Argentina,2002,Argentina/PP_006W1G2.1/2002,OR965908.1,Homo sapiens,0.991555434486516,3622
PP_006W27K.1,M,3632,1138,0.941125,67,1138,3,47,Argentina,2019,Argentina/PP_006W27K.1/2019,OR987856.1,Homo sapiens,0.9942794878779624,3632
PP_006W1HZ.1,M,3545,1138,0.940246,68,1138,3,17,Argentina,2002,Argentina/PP_006W1HZ.1/2002,OR965909.1,Homo sapiens,0.97303187142468,3545
PP_006W1JX.1,M,3628,1138,0.940246,68,1138,1,39,Argentina,2002,Argentina/PP_006W1JX.1/2002,OR965910.1,Homo sapiens,0.9931898665213839,3628
PP_006W1KV.1,M,3634,1138,0.940246,68,1138,3,47,Argentina,2002,Argentina/PP_006W1KV.1/2002,OR965911.1,Homo sapiens,0.9948242985562517,3634
PP_006W1LT.1,M,3624,1138,0.940246,68,1138,1,42,Argentina,2016,Argentina/PP_006W1LT.1/2016,OR987853.1,Homo sapiens,0.9921002451648052,3624
PP_006VLSY.1,M,3653,1138,0.938489,70,1138,2,52,,,PP_006VLSY.1,AF028022.1,Oligoryzomys flavescens,1.0,3653
PP_006W24R.1,M,3616,1138,0.938489,70,1138,1,39,Argentina,2002,Argentina/PP_006W24R.1/2002,OR987851.1,Homo sapiens,0.989921002451648,3616
PP_006W25P.1,M,3610,1138,0.938489,70,1138,1,27,Argentina,2002,Argentina/PP_006W25P.1/2002,OR987852.1,Homo sapiens,0.9907382184690819,3610
PP_006W100.1,M,3653,1138,0.93761,71,1138,2,52,Argentina,2022,Argentina/PP_006W100.1/2022,OR890440.1,Oligoryzomys flavescens,1.0,3653
PP_006VLTW.1,M,3654,1138,0.927944,82,1138,2,52,,,PP_006VLTW.1,AF028023.1,,1.0,3654
PP_006VLUU.1,M,3646,1138,0.924429,86,1138,2,52,,,PP_006VLUU.1,AF028024.1,Oligoryzomys longicaudatus,1.0,3646
PP_006W1Z1.1,M,3696,1138,0.901582,112,1138,3,50,Argentina,1990,Argentina/PP_006W1Z1.1/1990,PP058741.1,Necromys sp.,0.9983655679651321,3696
PP_006W2D7.1,M,799,251,0.89243,27,251,3,44,Argentina,2024,Argentina/PP_006W2D7.1/2024,PQ356349.1,Homo sapiens,0.6292563334241351,799
PP_006VMCS.1,M,292,13,0.307692,9,13,2,253,,,PP_006VMCS.1,AF028042.1,Oligoryzomys flavescens,0.07954235903023699,292
PP_006VMDQ.1,M,292,13,0.307692,9,13,2,253,,,PP_006VMDQ.1,AF028043.1,,0.07954235903023699,292
PP_006VNYJ.1,M,292,13,0.307692,9,13,2,253,Uruguay,,Uruguay/PP_006VNYJ.1,AF283899.1,,0.07954235903023699,292
PP_006VMTV.1,M,292,18,0.222222,14,18,1,219,,,PP_006VMTV.1,AF028057.1,Akodon azarae,0.07954235903023699,292
PP_006VNWN.1,M,292,16,0.1875,13,16,1,189,Uruguay,,Uruguay/PP_006VNWN.1,AF283896.1,,0.08716970852628711,292
PP_006VNXL.1,M,292,16,0.1875,13,16,1,189,Uruguay,,Uruguay/PP_006VNXL.1,AF283898.1,,0.07954235903023699,292
PP_006VMN5.1,M,292,18,0.166667,15,18,1,219,,,PP_006VMN5.1,AF028052.1,Akodon azarae,0.07954235903023699,292
PP_006VMP3.1,M,292,18,0.166667,15,18,1,219,,,PP_006VMP3.1,AF028053.1,Akodon azarae,0.07954235903023699,292
PP_006VMRZ.1,M,292,18,0.166667,15,18,1,219,,,PP_006VMRZ.1,AF028055.1,Akodon azarae,0.07954235903023699,292
PP_006VMSX.1,M,292,18,0.166667,15,18,1,219,,,PP_006VMSX.1,AF028056.1,Akodon azarae,0.07954235903023699,292
PP_006VMUT.1,M,292,18,0.166667,15,18,1,219,,,PP_006VMUT.1,AF028058.1,Akodon azarae,0.07954235903023699,292
PP_006VMXM.1,M,292,18,0.166667,15,18,1,219,,,PP_006VMXM.1,AF028061.1,Akodon azarae,0.07954235903023699,292
PP_006VMYK.1,M,292,18,0.166667,15,18,1,219,,,PP_006VMYK.1,AF028062.1,Akodon azarae,0.07954235903023699,292
PP_006VMZH.1,M,292,18,0.166667,15,18,1,219,,,PP_006VMZH.1,AF028063.1,,0.07954235903023699,292
PP_006VMKB.1,M,292,19,0.157895,16,19,1,189,,,PP_006VMKB.1,AF028049.1,Oligoryzomys longicaudatus,0.07954235903023699,292
PP_006VML9.1,M,292,19,0.157895,16,19,1,189,,,PP_006VML9.1,AF028050.1,Oligoryzomys longicaudatus,0.07954235903023699,292
PP_006VMEN.1,M,292,16,0.125,14,16,1,189,,,PP_006VMEN.1,AF028044.1,Oligoryzomys longicaudatus,0.07954235903023699,292
PP_006VMFL.1,M,292,16,0.125,14,16,1,189,,,PP_006VMFL.1,AF028045.1,,0.07954235903023699,292
PP_006VMGJ.1,M,292,25,0.12,22,25,1,189,,,PP_006VMGJ.1,AF028046.1,Oligoryzomys longicaudatus,0.07954235903023699,292
PP_006VMHF.1,M,292,25,0.12,22,25,1,189,,,PP_006VMHF.1,AF028047.1,Oligoryzomys longicaudatus,0.07954235903023699,292
PP_006VMJD.1,M,292,25,0.12,22,25,1,189,,,PP_006VMJD.1,AF028048.1,Oligoryzomys longicaudatus,0.07954235903023699,292
PP_006VLZJ.1,M,292,17,0.117647,15,17,1,63,,,PP_006VLZJ.1,AF028029.1,,0.07954235903023699,292
PP_006VM0G.1,M,292,17,0.117647,15,17,1,63,,,PP_006VM0G.1,AF028030.1,,0.07954235903023699,292
PP_006VM1E.1,M,292,17,0.117647,15,17,1,63,,,PP_006VM1E.1,AF028031.1,Oligoryzomys flavescens,0.07954235903023699,292
PP_006VM2C.1,M,292,17,0.117647,15,17,1,63,,,PP_006VM2C.1,AF028032.1,,0.07954235903023699,292
PP_006VM3A.1,M,292,17,0.117647,15,17,1,63,,,PP_006VM3A.1,AF028033.1,Oligoryzomys flavescens,0.07954235903023699,292
PP_006VM48.1,M,292,17,0.117647,15,17,1,63,,,PP_006VM48.1,AF028034.1,Oligoryzomys flavescens,0.07954235903023699,292
PP_006VM56.1,M,292,17,0.117647,15,17,1,63,,,PP_006VM56.1,AF028035.1,,0.07954235903023699,292
PP_006VM64.1,M,292,17,0.117647,15,17,1,63,,,PP_006VM64.1,AF028036.1,,0.07954235903023699,292
PP_006VM72.1,M,292,17,0.117647,15,17,1,63,,,PP_006VM72.1,AF028037.1,,0.07954235903023699,292
PP_006VM9Y.1,M,292,17,0.117647,15,17,1,63,,,PP_006VM9Y.1,AF028039.1,,0.07954235903023699,292
PP_006VMAW.1,M,292,17,0.117647,15,17,1,63,,,PP_006VMAW.1,AF028040.1,Oligoryzomys flavescens,0.07954235903023699,292
PP_006VMBU.1,M,292,17,0.117647,15,17,1,63,,,PP_006VMBU.1,AF028041.1,Oligoryzomys flavescens,0.07954235903023699,292
PP_006VMQ1.1,M,292,18,0.111111,16,18,1,219,,,PP_006VMQ1.1,AF028054.1,Akodon azarae,0.07954235903023699,292
PP_006VMVR.1,M,292,18,0.111111,16,18,1,219,,,PP_006VMVR.1,AF028059.1,Akodon azarae,0.07954235903023699,292
PP_006VMWP.1,M,292,18,0.111111,16,18,1,219,,,PP_006VMWP.1,AF028060.1,Akodon azarae,0.07954235903023699,292
PP_006VQK8.1,M,439,76,0.105263,68,76,2,211,Paraguay,,Paraguay/PP_006VQK8.1,AY515598.1,Oligoryzomys chacoensis,0.11958594388450014,439
PP_006VWQS.1,M,397,119,0.092437,108,119,1,39,Chile,2011-04,Chile/PP_006VWQS.1/2011-04,KC567272.1,Homo sapiens,0.10814491964042496,397
PP_006VP8Y.1,M,194,58,0.086207,53,58,1,18,Argentina,,Argentina/PP_006VP8Y.1,AF389483.1,,0.05284663579406156,194
PP_006VTFE.1,M,567,146,0.082192,134,146,2,127,Chile,,Chile/PP_006VTFE.1,EU241657.1,Oligoryzomys longicaudatus,0.15445382729501497,567
PP_006VTPX.1,M,596,146,0.082192,134,146,1,156,Chile,,Chile/PP_006VTPX.1,EU241664.1,Oligoryzomys longicaudatus,0.16235358213020976,596
PP_006VW9P.1,M,516,138,0.07971,127,138,2,100,Chile,2010-03,Chile/PP_006VW9P.1/2010-03,KC567258.1,Homo sapiens,0.14056115499863797,516
PP_006VWAM.1,M,516,138,0.07971,127,138,2,100,Chile,2011-05,Chile/PP_006VWAM.1/2011-05,KC567259.1,Homo sapiens,0.14056115499863797,516
PP_006VWBK.1,M,516,138,0.07971,127,138,2,100,Chile,2010-02,Chile/PP_006VWBK.1/2010-02,KC567260.1,Homo sapiens,0.14056115499863797,516
PP_006VWCH.1,M,516,138,0.07971,127,138,2,100,Chile,2010-02,Chile/PP_006VWCH.1/2010-02,KC567261.1,Homo sapiens,0.14056115499863797,516
PP_006VWDF.1,M,516,138,0.07971,127,138,2,100,Chile,2012-01,Chile/PP_006VWDF.1/2012-01,KC567262.1,Homo sapiens,0.14056115499863797,516
PP_006VWED.1,M,516,138,0.07971,127,138,2,100,Chile,2012-02,Chile/PP_006VWED.1/2012-02,KC567263.1,Homo sapiens,0.14056115499863797,516
PP_006VWFB.1,M,516,138,0.07971,127,138,2,100,Chile,2012-02,Chile/PP_006VWFB.1/2012-02,KC567264.1,Homo sapiens,0.14056115499863797,516
PP_006VWG9.1,M,516,138,0.07971,127,138,2,100,Chile,2011-04,Chile/PP_006VWG9.1/2011-04,KC567265.1,Homo sapiens,0.14056115499863797,516
PP_006VWH6.1,M,516,138,0.07971,127,138,2,100,Chile,2011-04,Chile/PP_006VWH6.1/2011-04,KC567266.1,Homo sapiens,0.14056115499863797,516
PP_006VWJ4.1,M,516,138,0.07971,127,138,2,100,Chile,2011-04,Chile/PP_006VWJ4.1/2011-04,KC567267.1,Homo sapiens,0.14056115499863797,516
PP_006VWK2.1,M,516,138,0.07971,127,138,2,100,Chile,2011-04,Chile/PP_006VWK2.1/2011-04,KC567268.1,Homo sapiens,0.14056115499863797,516
PP_006VWL0.1,M,516,138,0.07971,127,138,2,100,Chile,2011-04,Chile/PP_006VWL0.1/2011-04,KC567269.1,Homo sapiens,0.14056115499863797,516
PP_006W0Y4.1,M,333,102,0.078431,94,102,3,26,,,PP_006W0Y4.1,U51040.1,,0.09071097793516752,333
PP_006VTEG.1,M,575,146,0.075342,135,146,1,135,Chile,,Chile/PP_006VTEG.1,EU241656.1,Oligoryzomys longicaudatus,0.15663307000817217,575
PP_006VTGC.1,M,596,146,0.075342,135,146,1,156,Chile,,Chile/PP_006VTGC.1,EU241658.1,Oligoryzomys longicaudatus,0.16235358213020976,596
PP_006VTH9.1,M,596,146,0.075342,135,146,1,156,Chile,,Chile/PP_006VTH9.1,EU241659.1,Oligoryzomys longicaudatus,0.16235358213020976,596
PP_006VTJ7.1,M,596,146,0.075342,135,146,1,156,Chile,,Chile/PP_006VTJ7.1,EU241660.1,Oligoryzomys longicaudatus,0.16235358213020976,596
PP_006VTL3.1,M,596,146,0.075342,135,146,1,156,Chile,,Chile/PP_006VTL3.1,EU241661.1,Oligoryzomys longicaudatus,0.16235358213020976,596
PP_006VTM1.1,M,596,146,0.075342,135,146,1,156,Chile,,Chile/PP_006VTM1.1,EU241662.1,Oligoryzomys longicaudatus,0.16235358213020976,596
PP_006VTNZ.1,M,596,146,0.075342,135,146,1,156,Chile,,Chile/PP_006VTNZ.1,EU241663.1,Oligoryzomys longicaudatus,0.16235358213020976,596
PP_006W03V.1,M,927,295,0.074576,273,295,3,41,Chile,2019-03-06,Chile/PP_006W03V.1/2019-03-06,MN737479.1,Homo sapiens,0.252519749387088,927
PP_006W04T.1,M,801,267,0.071161,248,267,1,0,Chile,2019-03-07,Chile/PP_006W04T.1/2019-03-07,MN737480.1,Homo sapiens,0.21819667665486245,801
PP_006VLN6.1,M,308,100,0.07,93,100,1,6,,,PP_006VLN6.1,AF005949.1,,0.08390084445655135,308
PP_006VLP4.1,M,308,100,0.07,93,100,1,6,,,PP_006VLP4.1,AF005950.1,,0.08390084445655135,308
PP_006VP9W.1,M,194,58,0.068966,54,58,1,18,Argentina,,Argentina/PP_006VP9W.1,AF389484.1,,0.05284663579406156,194
PP_006VPAU.1,M,194,58,0.068966,54,58,1,18,Uruguay,,Uruguay/PP_006VPAU.1,AF389485.1,,0.05284663579406156,194
PP_006VPCQ.1,M,194,58,0.068966,54,58,1,18,Argentina,,Argentina/PP_006VPCQ.1,AF389487.1,,0.05284663579406156,194
PP_006VT9S.1,M,596,146,0.068493,136,146,1,156,Chile,,Chile/PP_006VT9S.1,EU241651.1,Oligoryzomys longicaudatus,0.16235358213020976,596
PP_006VTAQ.1,M,596,146,0.068493,136,146,1,156,Chile,,Chile/PP_006VTAQ.1,EU241652.1,Oligoryzomys longicaudatus,0.16235358213020976,596
PP_006VTBN.1,M,576,146,0.068493,136,146,2,136,Chile,,Chile/PP_006VTBN.1,EU241653.1,Oligoryzomys longicaudatus,0.1569054753473168,576
PP_006VTCL.1,M,572,146,0.068493,136,146,1,132,Chile,,Chile/PP_006VTCL.1,EU241655.1,Oligoryzomys longicaudatus,0.15581585399073822,572
PP_006VN39.1,M,508,163,0.067485,152,163,1,18,,,PP_006VN39.1,AF042112.1,,0.1383819122854808,508
PP_006VN71.1,M,508,163,0.067485,152,163,1,18,,,PP_006VN71.1,AF042116.1,,0.1383819122854808,508
PP_006VNAV.1,M,508,163,0.067485,152,163,1,18,,,PP_006VNAV.1,AF042119.1,,0.1383819122854808,508
PP_006VNEM.1,M,508,163,0.067485,152,163,1,18,,,PP_006VNEM.1,AF042123.1,,0.1383819122854808,508
PP_006VNGH.1,M,508,163,0.067485,152,163,1,18,,,PP_006VNGH.1,AF042125.1,,0.1383819122854808,508
PP_006VNJC.1,M,508,163,0.067485,152,163,1,18,,,PP_006VNJC.1,AF042127.1,,0.1383819122854808,508
PP_006VLQ2.1,M,316,105,0.066667,98,105,1,0,,,PP_006VLQ2.1,AF005951.1,,0.08608008716970852,316
PP_006VLR0.1,M,316,105,0.066667,98,105,1,0,,,PP_006VLR0.1,AF005952.1,,0.08608008716970852,316
PP_006VVDG.1,M,3671,90,0.066667,84,90,1,1020,,,PP_006VVDG.1,FV536446.1,,1.0,3671
PP_006VVEE.1,M,3671,90,0.066667,84,90,1,1020,,,PP_006VVEE.1,FV536447.1,,1.0,3671
PP_006VQWL.1,M,1239,348,0.066092,325,348,1,195,Brazil,,Brazil/PP_006VQWL.1,AY963900.1,Oligoryzomys nigripes,0.3375102152002179,1239
PP_006VQXJ.1,M,1239,348,0.066092,325,348,1,195,Brazil,,Brazil/PP_006VQXJ.1,AY970821.1,Necromys lasiurus,0.3375102152002179,1239
PP_006W2LS.1,M,329,106,0.066038,99,106,2,10,,,PP_006W2LS.1,U51041.1,,0.08962135657858894,329
PP_006VLWQ.1,M,1654,531,0.06403,497,531,2,61,,,PP_006VLWQ.1,AF028026.1,Oligoryzomys longicaudatus,0.4505584309452465,1654
PP_006W1MR.1,M,3556,1124,0.063167,1053,1124,3,41,Argentina,2010,Argentina/PP_006W1MR.1/2010,OR987854.1,Homo sapiens,0.9738490874421138,3556
PP_006W1NP.1,M,3556,1124,0.063167,1053,1124,3,41,Argentina,2010,Argentina/PP_006W1NP.1/2010,OR987855.1,Homo sapiens,0.9738490874421138,3556
PP_006VWUJ.1,M,397,128,0.0625,120,128,1,12,Chile,2012-02,Chile/PP_006VWUJ.1/2012-02,KC567276.1,Homo sapiens,0.10814491964042496,397
PP_006VWVG.1,M,397,128,0.0625,120,128,1,12,Chile,2012-01,Chile/PP_006VWVG.1/2012-01,KC567277.1,Homo sapiens,0.10814491964042496,397
PP_006VWWE.1,M,397,128,0.0625,120,128,1,12,Chile,2010-02,Chile/PP_006VWWE.1/2010-02,KC567278.1,Homo sapiens,0.10814491964042496,397
PP_006VWXC.1,M,397,128,0.0625,120,128,1,12,Chile,2010-02,Chile/PP_006VWXC.1/2010-02,KC567279.1,Homo sapiens,0.10814491964042496,397
PP_006VWYA.1,M,397,128,0.0625,120,128,1,12,Chile,2011-05,Chile/PP_006VWYA.1/2011-05,KC567280.1,Homo sapiens,0.10814491964042496,397
PP_006W1TD.1,M,3561,1120,0.061938,939,1001,3,41,Argentina,2017,Argentina/PP_006W1TD.1/2017,PP003838.1,Homo sapiens,0.8885862162898392,3561
PP_006VQSU.1,M,230,49,0.061224,46,49,1,81,Chile,,Chile/PP_006VQSU.1,AY770196.2,Oligoryzomys longicaudatus,0.06265322800326886,230
PP_006VQUQ.1,M,230,49,0.061224,46,49,1,81,Chile,,Chile/PP_006VQUQ.1,AY770198.2,Oligoryzomys longicaudatus,0.06265322800326886,230
PP_006WDKH.1,M,3623,1120,0.060769,1051,1119,3,77,South Africa,2026-04-26,South_Africa/PP_006WDKH.1/2026-04-26,,Homo sapiens,0.9855625170253337,3623
PP_006W3U9.2,M,3561,1120,0.060714,1052,1120,1,42,Netherlands,2026-05-06,Netherlands/PP_006W3U9.2/2026-05-06,,Homo sapiens,0.9700354126940888,3561
PP_006WDJK.1,M,3603,1120,0.060714,1052,1120,1,57,South Africa,2026-05-02,South_Africa/PP_006WDJK.1/2026-05-02,,Homo sapiens,0.9904658131299373,3603
PP_006VQP0.1,M,232,66,0.060606,62,66,2,34,Chile,,Chile/PP_006VQP0.1,AY770193.1,Oligoryzomys longicaudatus,0.06319803868155816,232
PP_006VQRW.1,M,232,66,0.060606,62,66,2,34,Chile,,Chile/PP_006VQRW.1,AY770195.1,Oligoryzomys longicaudatus,0.06319803868155816,232
PP_006W0F5.1,M,150,33,0.060606,31,33,3,50,Argentina,2020-11,Argentina/PP_006W0F5.1/2020-11,OL840326.1,Homo sapiens,0.040860800871697085,150
PP_006VLYL.1,M,1654,531,0.060264,499,531,2,61,,,PP_006VLYL.1,AF028028.1,Akodon azarae,0.4505584309452465,1654
PP_006VQM4.1,M,277,83,0.060241,78,83,1,27,Chile,,Chile/PP_006VQM4.1,AY770192.1,Oligoryzomys longicaudatus,0.07545627894306728,277
PP_006VQTS.1,M,277,83,0.060241,78,83,1,27,Chile,,Chile/PP_006VQTS.1,AY770197.1,Oligoryzomys longicaudatus,0.07545627894306728,277
PP_006W0VA.1,M,3387,1118,0.059928,1051,1118,1,33,Brazil,2022-12-09,Brazil/PP_006W0VA.1/2022-12-09,OQ092244.1,Homo sapiens,0.9226368836829202,3387
PP_006VQZE.1,M,258,84,0.059524,79,84,1,0,,,PP_006VQZE.1,DI162424.1,,0.10678289294470171,258
PP_006VR1A.1,M,258,84,0.059524,79,84,1,0,,,PP_006VR1A.1,DL139697.1,,0.10678289294470171,258
PP_006VVVH.1,M,258,84,0.059524,79,84,1,0,,,PP_006VVVH.1,HV984414.1,,0.10678289294470171,258
PP_006VQCP.1,M,410,136,0.058824,128,136,3,2,Uruguay,,Uruguay/PP_006VQCP.1,AY204677.1,Oligoryzomys flavescens,0.11168618904930537,410
PP_006VP0E.1,M,1895,562,0.058719,529,562,2,49,Brazil,,Brazil/PP_006VP0E.1,AF307326.1,,0.5167529283573958,1895
PP_006W23T.1,M,3492,1120,0.058491,998,1060,3,41,Argentina,2002,Argentina/PP_006W23T.1/2002,OR987850.1,Homo sapiens,0.9212748569871969,3492
PP_006VLVS.1,M,1654,531,0.05838,500,531,2,61,,,PP_006VLVS.1,AF028025.1,Oligoryzomys chacoensis,0.4505584309452465,1654
PP_006W1UB.1,M,3501,1120,0.056983,844,895,3,41,Argentina,2011,Argentina/PP_006W1UB.1/2011,PP003839.1,Homo sapiens,0.7872514301280306,3501
PP_006VV9Q.1,M,625,194,0.056701,183,194,3,41,Uruguay,2005-03,Uruguay/PP_006VV9Q.1/2005-03,EU564726.1,Oligoryzomys nigripes,0.1702533369654045,625
PP_006VQQY.1,M,198,53,0.056604,50,53,2,37,Chile,,Chile/PP_006VQQY.1,AY770194.1,Oligoryzomys longicaudatus,0.08008716970852629,198
PP_006VQVN.1,M,198,53,0.056604,50,53,2,37,Chile,,Chile/PP_006VQVN.1,AY770199.1,Oligoryzomys longicaudatus,0.08008716970852629,198
PP_006W02X.1,M,652,196,0.056122,185,196,1,63,Chile,2019-02-26,Chile/PP_006W02X.1/2019-02-26,MN737478.1,Homo sapiens,0.17760828112231,652
PP_006XDHK.2,M,3578,1120,0.054795,897,949,2,37,Canada,2026-05-15,Canada/PP_006XDHK.2/2026-05-15,,Homo sapiens,0.8351947698174884,3578
PP_006VQ8X.1,M,713,162,0.054688,121,128,1,18,Bolivia,,Bolivia/PP_006VQ8X.1,AH011226.2,,0.5074911468264778,713
PP_006VWMY.1,M,397,128,0.054688,121,128,1,12,Chile,2011-04,Chile/PP_006VWMY.1/2011-04,KC567270.1,Homo sapiens,0.10814491964042496,397
PP_006VWPU.1,M,397,128,0.054688,121,128,1,12,Chile,2011-04,Chile/PP_006VWPU.1/2011-04,KC567271.1,Homo sapiens,0.10814491964042496,397
PP_006VWRQ.1,M,397,128,0.054688,121,128,1,12,Chile,2011-04,Chile/PP_006VWRQ.1/2011-04,KC567273.1,Homo sapiens,0.10814491964042496,397
PP_006VWSN.1,M,397,128,0.054688,121,128,1,12,Chile,2011-04,Chile/PP_006VWSN.1/2011-04,KC567274.1,Homo sapiens,0.10814491964042496,397
PP_006VWTL.1,M,397,128,0.054688,121,128,1,12,Chile,2012-02,Chile/PP_006VWTL.1/2012-02,KC567275.1,Homo sapiens,0.10814491964042496,397
PP_006VWZ8.1,M,397,128,0.054688,121,128,1,12,Chile,2010-03,Chile/PP_006VWZ8.1/2010-03,KC567281.1,Homo sapiens,0.10814491964042496,397
PP_006VXH5.1,M,433,130,0.053846,123,130,2,43,Argentina,2010-12,Argentina/PP_006VXH5.1/2010-12,MH846248.1,Oligoryzomys nigripes,0.11795151184963225,433
PP_006VXJ3.1,M,433,130,0.053846,123,130,2,43,Argentina,2011-11,Argentina/PP_006VXJ3.1/2011-11,MH846249.1,Oligoryzomys nigripes,0.11795151184963225,433
PP_006VXK1.1,M,433,130,0.053846,123,130,2,43,Argentina,2012-01,Argentina/PP_006VXK1.1/2012-01,MH846250.1,Oligoryzomys nigripes,0.11795151184963225,433
PP_006VXLZ.1,M,433,130,0.053846,123,130,2,43,Argentina,2012-06,Argentina/PP_006VXLZ.1/2012-06,MH846251.1,Oligoryzomys nigripes,0.11795151184963225,433
PP_006XDJH.2,M,3565,1120,0.05379,774,818,1,36,Canada,2026-05-15,Canada/PP_006XDJH.2/2026-05-15,,Homo sapiens,0.724325796785617,3565
PP_006VQFH.1,M,340,112,0.053571,106,112,3,2,Uruguay,,Uruguay/PP_006VQFH.1,AY204680.1,Oligoryzomys flavescens,0.09261781530918006,340
PP_006VP1C.1,M,1900,562,0.053381,532,562,2,49,Brazil,,Brazil/PP_006VP1C.1,AF307327.1,,0.5167529283573958,1900
PP_006VQEK.1,M,405,134,0.052239,127,134,3,2,Uruguay,,Uruguay/PP_006VQEK.1,AY204679.1,Oligoryzomys flavescens,0.11032416235358213,405
PP_006VV8S.1,M,625,194,0.051546,184,194,3,41,Uruguay,2005-03,Uruguay/PP_006VV8S.1/2005-03,EU564725.1,Oxymycterus nasutus,0.1702533369654045,625
PP_006VQDM.1,M,356,118,0.050847,112,118,3,2,Uruguay,,Uruguay/PP_006VQDM.1,AY204678.1,Oligoryzomys flavescens,0.09697630073549442,356
PP_006VLXN.1,M,1654,477,0.050314,453,477,2,223,,,PP_006VLXN.1,AF028027.1,Necromys obscurus,0.4505584309452465,1654
PP_006VV40.1,M,307,101,0.049505,96,101,2,4,Uruguay,2004-02,Uruguay/PP_006VV40.1/2004-02,EU564721.1,Oligoryzomys flavescens,0.0836284391174067,307
PP_006VVBL.1,M,397,41,0.04878,39,41,3,272,Brazil,,Brazil/PP_006VVBL.1,EU621721.1,,0.1084173249795696,397
PP_006VX06.1,M,1673,555,0.048649,528,555,1,6,Peru,2010,Peru/PP_006VX06.1/2010,KF581135.1,Neacomys spinosus,0.4655407245982021,1673
PP_006VUTN.1,M,446,124,0.048387,118,124,3,74,Brazil,,Brazil/PP_006VUTN.1,EU543216.1,Homo sapiens,0.12149278125851266,446
PP_006VW15.1,M,1455,471,0.044586,450,471,1,42,Argentina,2000-03-31,Argentina/PP_006VW15.1/2000-03-31,JX891632.1,Homo sapiens,0.3963497684554617,1455
PP_006VN2B.1,M,167,46,0.043478,44,46,3,29,,,PP_006VN2B.1,AF042111.1,,0.045491691637156086,167
PP_006VN63.1,M,167,46,0.043478,44,46,3,29,,,PP_006VN63.1,AF042115.1,,0.045491691637156086,167
PP_006VNCR.1,M,167,46,0.043478,44,46,3,29,,,PP_006VNCR.1,AF042121.1,,0.045491691637156086,167
PP_006VNL8.1,M,167,46,0.043478,44,46,3,29,,,PP_006VNL8.1,AF042129.1,,0.045491691637156086,167
PP_006VNN4.1,M,167,46,0.043478,44,46,3,29,,,PP_006VNN4.1,AF042131.1,,0.045491691637156086,167
PP_006VNQ0.1,M,167,46,0.043478,44,46,3,29,,,PP_006VNQ0.1,AF042133.1,,0.045491691637156086,167
PP_006VNSW.1,M,167,46,0.043478,44,46,3,29,,,PP_006VNSW.1,AF042135.1,,0.045491691637156086,167
PP_006VNTU.1,M,167,46,0.043478,44,46,3,29,,,PP_006VNTU.1,AF042136.1,,0.045491691637156086,167
PP_006VNUS.1,M,167,46,0.043478,44,46,3,29,,,PP_006VNUS.1,AF042137.1,,0.045491691637156086,167
PP_006VP46.1,M,226,46,0.043478,44,46,2,88,Uruguay,,Uruguay/PP_006VP46.1,AF389479.1,,0.06156360664669028,226
PP_006VP54.1,M,226,46,0.043478,44,46,2,88,Argentina,,Argentina/PP_006VP54.1,AF389480.1,,0.06156360664669028,226
PP_006VP62.1,M,226,46,0.043478,44,46,2,88,Argentina,,Argentina/PP_006VP62.1,AF389481.1,,0.06156360664669028,226
PP_006VP70.1,M,226,46,0.043478,44,46,2,88,Argentina,,Argentina/PP_006VP70.1,AF389482.1,,0.06156360664669028,226
PP_006VPJB.1,M,226,46,0.043478,44,46,2,88,Argentina,,Argentina/PP_006VPJB.1,AF389493.1,,0.06156360664669028,226
PP_006VPK9.1,M,226,46,0.043478,44,46,2,88,Argentina,,Argentina/PP_006VPK9.1,AF389494.1,,0.06156360664669028,226
PP_006VPL7.1,M,226,46,0.043478,44,46,2,88,Argentina,,Argentina/PP_006VPL7.1,AF389495.1,,0.06156360664669028,226
PP_006VPM5.1,M,226,46,0.043478,44,46,2,88,Argentina,,Argentina/PP_006VPM5.1,AF389496.1,,0.06156360664669028,226
PP_006VPN3.1,M,226,46,0.043478,44,46,2,88,Argentina,,Argentina/PP_006VPN3.1,AF389497.1,,0.06156360664669028,226
PP_006VPP1.1,M,226,46,0.043478,44,46,2,88,Argentina,,Argentina/PP_006VPP1.1,AF389498.1,,0.06156360664669028,226
PP_006VPQZ.1,M,226,46,0.043478,44,46,2,88,Argentina,,Argentina/PP_006VPQZ.1,AF389499.1,,0.06156360664669028,226
PP_006VPRX.1,M,226,46,0.043478,44,46,2,88,Argentina,,Argentina/PP_006VPRX.1,AF389500.1,,0.06156360664669028,226
PP_006VPSV.1,M,226,46,0.043478,44,46,2,88,Argentina,,Argentina/PP_006VPSV.1,AF389501.1,,0.06156360664669028,226
PP_006VPTT.1,M,226,46,0.043478,44,46,2,88,Argentina,,Argentina/PP_006VPTT.1,AF389502.1,,0.06156360664669028,226
PP_006VPUR.1,M,226,46,0.043478,44,46,2,88,Argentina,,Argentina/PP_006VPUR.1,AF389503.1,,0.06156360664669028,226
PP_006VPVP.1,M,226,46,0.043478,44,46,2,88,Argentina,,Argentina/PP_006VPVP.1,AF389504.1,,0.06156360664669028,226
PP_006VPWM.1,M,226,46,0.043478,44,46,2,88,Argentina,,Argentina/PP_006VPWM.1,AF389505.1,,0.06156360664669028,226
PP_006VPXK.1,M,226,46,0.043478,44,46,2,88,Argentina,,Argentina/PP_006VPXK.1,AF389506.1,,0.06156360664669028,226
PP_006VPYH.1,M,226,46,0.043478,44,46,2,88,Argentina,,Argentina/PP_006VPYH.1,AF389507.1,,0.06156360664669028,226
PP_006VPZF.1,M,226,46,0.043478,44,46,2,88,Argentina,,Argentina/PP_006VPZF.1,AF389508.1,,0.06156360664669028,226
PP_006VQ0D.1,M,226,46,0.043478,44,46,2,88,Argentina,,Argentina/PP_006VQ0D.1,AF389509.1,,0.06156360664669028,226
PP_006VQ1B.1,M,226,46,0.043478,44,46,2,88,Argentina,,Argentina/PP_006VQ1B.1,AF389510.1,,0.06156360664669028,226
PP_006VQ29.1,M,226,46,0.043478,44,46,2,88,Argentina,,Argentina/PP_006VQ29.1,AF389511.1,,0.06156360664669028,226
PP_006VQ37.1,M,226,46,0.043478,44,46,2,88,Argentina,,Argentina/PP_006VQ37.1,AF389512.1,,0.06156360664669028,226
PP_006VQAT.1,M,226,46,0.043478,44,46,2,88,Uruguay,,Uruguay/PP_006VQAT.1,AY101184.1,,0.06156360664669028,226
PP_006VQBR.1,M,226,46,0.043478,44,46,2,88,Uruguay,,Uruguay/PP_006VQBR.1,AY101185.1,,0.06156360664669028,226
PP_006VR36.1,M,226,46,0.043478,44,46,2,88,,,PP_006VR36.1,DQ189092.1,Homo sapiens,0.06156360664669028,226
PP_006VR44.1,M,226,46,0.043478,44,46,2,88,,,PP_006VR44.1,DQ189093.1,Homo sapiens,0.06156360664669028,226
PP_006VR52.1,M,226,46,0.043478,44,46,2,88,,,PP_006VR52.1,DQ189094.1,Homo sapiens,0.06156360664669028,226
PP_006VR60.1,M,226,46,0.043478,44,46,2,88,,,PP_006VR60.1,DQ189095.1,Homo sapiens,0.06156360664669028,226
PP_006VVXD.1,M,1330,443,0.042889,424,443,1,0,Bolivia,2009,Bolivia/PP_006VVXD.1/2009,JF750420.1,Homo sapiens,0.36229910106238084,1330
PP_006VVYB.1,M,1330,443,0.042889,424,443,1,0,Bolivia,2008,Bolivia/PP_006VVYB.1/2008,JF750421.1,Homo sapiens,0.36229910106238084,1330
PP_006VVZ9.1,M,1330,443,0.042889,424,443,1,0,Bolivia,2008,Bolivia/PP_006VVZ9.1/2008,JF750422.1,Homo sapiens,0.36229910106238084,1330
PP_006VTK5.1,M,1201,260,0.042308,249,260,1,213,Brazil,,Brazil/PP_006VTK5.1,EU543217.1,Homo sapiens,0.32661400163443205,1201
PP_006VQL6.1,M,575,48,0.041667,46,48,1,33,Paraguay,,Paraguay/PP_006VQL6.1,AY515603.1,Oligoryzomys chacoensis,0.16344320348678834,575
PP_006VW07.1,M,1455,471,0.038217,453,471,1,42,Argentina,2000-10-26,Argentina/PP_006VW07.1/2000-10-26,JX891630.1,Homo sapiens,0.3963497684554617,1455
PP_006VUM0.1,M,454,54,0.037037,52,54,1,291,Brazil,,Brazil/PP_006VUM0.1,EU621722.1,,0.1239444293108145,454
PP_006VVAN.1,M,449,55,0.036364,53,55,1,282,Brazil,,Brazil/PP_006VVAN.1,EU621720.1,,0.1291201307545628,449
PP_006VQ7Z.1,M,569,129,0.031579,92,95,1,45,Bolivia,,Bolivia/PP_006VQ7Z.1,AH011225.2,,0.14110596567692726,569
PP_006VPFJ.1,M,250,68,0.029412,66,68,1,45,Argentina,,Argentina/PP_006VPFJ.1,AF389490.1,,0.10351402887496595,250
PP_006VR8W.1,M,582,187,0.026738,182,187,1,21,Brazil,,Brazil/PP_006VR8W.1,EF495338.1,Akodon montensis,0.15853990738218468,582
PP_006VXEC.1,M,282,75,0.026667,73,75,2,55,Brazil,2016-06-25,Brazil/PP_006VXEC.1/2016-06-25,MG953527.1,Neacomys spinosus,0.07681830563879052,282
PP_006VRDL.1,M,310,78,0.025641,76,78,1,75,Brazil,2004-06,Brazil/PP_006VRDL.1/2004-06,EU170164.1,Necromys lasiurus,0.08444565513484065,310
PP_006VRL5.1,M,310,78,0.025641,76,78,1,75,Brazil,2005-04,Brazil/PP_006VRL5.1/2005-04,EU170171.1,,0.08444565513484065,310
PP_006VRST.1,M,310,78,0.025641,76,78,1,75,Brazil,2004-03,Brazil/PP_006VRST.1/2004-03,EU170177.1,,0.08444565513484065,310
PP_006VRAS.1,M,312,79,0.025316,77,79,1,75,Brazil,2004-10,Brazil/PP_006VRAS.1/2004-10,EU170162.1,,0.08499046581312994,312
PP_006VRBQ.1,M,312,79,0.025316,77,79,1,75,Brazil,2004-06,Brazil/PP_006VRBQ.1/2004-06,EU170163.1,Necromys lasiurus,0.08499046581312994,312
PP_006VREJ.1,M,312,79,0.025316,77,79,1,75,Brazil,2004-06,Brazil/PP_006VREJ.1/2004-06,EU170165.1,Necromys lasiurus,0.08499046581312994,312
PP_006VW23.1,M,330,97,0.020833,94,96,3,38,Argentina,2001-03-28,Argentina/PP_006VW23.1/2001-03-28,JX891638.1,Homo sapiens,0.08962135657858894,330
PP_006VW4Z.1,M,330,97,0.020833,94,96,3,38,Argentina,2001-04-27,Argentina/PP_006VW4Z.1/2001-04-27,JX891642.1,Homo sapiens,0.08962135657858894,330
PP_006VW31.1,M,330,97,0.020619,95,97,3,38,Argentina,2001-03-27,Argentina/PP_006VW31.1/2001-03-27,JX891640.1,Homo sapiens,0.08989376191773359,330
PP_006VW5X.1,M,330,97,0.020619,95,97,3,38,Argentina,1999-04-23,Argentina/PP_006VW5X.1/1999-04-23,JX891643.1,Homo sapiens,0.08989376191773359,330
PP_006VW7T.1,M,330,97,0.020619,95,97,3,38,Argentina,1999-05-12,Argentina/PP_006VW7T.1/1999-05-12,JX891646.1,Homo sapiens,0.08989376191773359,330
PP_006VW8R.1,M,330,97,0.020619,95,97,3,38,Argentina,2000-03-31,Argentina/PP_006VW8R.1/2000-03-31,JX891648.1,Homo sapiens,0.08989376191773359,330
PP_006VPHD.1,M,250,68,0.014706,67,68,1,45,Argentina,,Argentina/PP_006VPHD.1,AF389492.1,,0.06810133478616182,250
PP_006VN0F.1,M,257,70,0.014286,69,70,3,47,,,PP_006VN0F.1,AF042109.1,,0.07000817216017434,257
PP_006VN1D.1,M,257,70,0.014286,69,70,3,47,,,PP_006VN1D.1,AF042110.1,,0.07000817216017434,257
PP_006VN47.1,M,257,70,0.014286,69,70,3,47,,,PP_006VN47.1,AF042113.1,,0.07000817216017434,257
PP_006VN8Z.1,M,257,70,0.014286,69,70,3,47,,,PP_006VN8Z.1,AF042117.1,,0.07000817216017434,257
PP_006VNBT.1,M,257,70,0.014286,69,70,3,47,,,PP_006VNBT.1,AF042120.1,,0.07000817216017434,257
PP_006VNFK.1,M,257,70,0.014286,69,70,3,47,,,PP_006VNFK.1,AF042124.1,,0.07000817216017434,257
PP_006VNHE.1,M,257,70,0.014286,69,70,3,47,,,PP_006VNHE.1,AF042126.1,,0.07000817216017434,257
PP_006VNKA.1,M,257,70,0.014286,69,70,3,47,,,PP_006VNKA.1,AF042128.1,,0.07000817216017434,257
PP_006VLDR.1,S,1876,428,1.0,0,428,1,42,,,PP_006VLDR.1,AF004660.1,,1.0,1876
PP_006VNZG.1,S,1871,428,1.0,0,428,1,42,,,PP_006VNZG.1,AF291702.1,,1.0,1871
PP_006VP2A.1,S,1876,428,1.0,0,428,1,42,,,PP_006VP2A.1,AF324902.1,,1.0,1876
PP_006VQGF.1,S,1871,428,1.0,0,428,1,42,,,PP_006VQGF.1,DL138931.1,,1.0,1871
PP_006VZ20.1,S,1867,428,1.0,0,428,1,36,Argentina,,Argentina/PP_006VZ20.1,MN258223.1,Homo sapiens,0.994655264564404,1867
PP_006VZ3Y.1,S,1852,428,1.0,0,428,3,32,Argentina,,Argentina/PP_006VZ3Y.1,MN258224.1,Homo sapiens,0.9861036878674505,1852
PP_006VZ4W.1,S,1857,428,1.0,0,428,3,38,Argentina,,Argentina/PP_006VZ4W.1,MN258225.1,Homo sapiens,0.9898450026723677,1857
PP_006VZ5U.1,S,1860,428,1.0,0,428,2,34,Argentina,,Argentina/PP_006VZ5U.1,MN258226.1,Homo sapiens,0.9914484233030465,1860
PP_006VZ6S.1,S,1857,428,1.0,0,428,3,38,Argentina,,Argentina/PP_006VZ6S.1,MN258227.1,Homo sapiens,0.9898450026723677,1857
PP_006VZ7Q.1,S,1867,428,1.0,0,428,1,42,Argentina,,Argentina/PP_006VZ7Q.1,MN258228.1,Homo sapiens,0.9951897381079636,1867
PP_006VZ8N.1,S,1843,428,1.0,0,428,1,24,Argentina,,Argentina/PP_006VZ8N.1,MN258229.1,Homo sapiens,0.9823623730625334,1843
PP_006VZ9L.1,S,1844,428,1.0,0,428,2,28,Argentina,,Argentina/PP_006VZ9L.1,MN258230.1,Homo sapiens,0.982896846606093,1844
PP_006VZAJ.1,S,1853,428,1.0,0,428,3,32,Argentina,,Argentina/PP_006VZAJ.1,MN258231.1,Homo sapiens,0.9871726349545697,1853
PP_006VZBG.1,S,1851,428,1.0,0,428,3,32,Argentina,,Argentina/PP_006VZBG.1,MN258232.1,Homo sapiens,0.9866381614110101,1851
PP_006VZCE.1,S,1855,428,1.0,0,428,1,33,Argentina,,Argentina/PP_006VZCE.1,MN258233.1,Homo sapiens,0.9887760555852485,1855
PP_006VZDC.1,S,1828,428,1.0,0,428,3,14,Argentina,,Argentina/PP_006VZDC.1,MN258234.1,Homo sapiens,0.9743452699091395,1828
PP_006VZEA.1,S,1859,428,1.0,0,428,3,38,Argentina,,Argentina/PP_006VZEA.1,MN258235.1,Homo sapiens,0.9909139497594869,1859
PP_006VZF8.1,S,1861,428,1.0,0,428,1,36,Argentina,,Argentina/PP_006VZF8.1,MN258236.1,Homo sapiens,0.9919828968466061,1861
PP_006VZG6.1,S,1827,428,1.0,0,428,1,18,Argentina,,Argentina/PP_006VZG6.1,MN258237.1,Homo sapiens,0.9732763228220203,1827
PP_006VZH3.1,S,1865,428,1.0,0,428,2,40,Argentina,,Argentina/PP_006VZH3.1,MN258238.1,Homo sapiens,0.9941207910208445,1865
PP_006VZJ1.1,S,1851,428,1.0,0,428,3,32,Argentina,,Argentina/PP_006VZJ1.1,MN258239.1,Homo sapiens,0.9866381614110101,1851
PP_006VZKZ.1,S,1862,428,1.0,0,428,2,37,Argentina,,Argentina/PP_006VZKZ.1,MN258240.1,Homo sapiens,0.9925173703901656,1862
PP_006VZLX.1,S,1863,428,1.0,0,428,2,34,Argentina,,Argentina/PP_006VZLX.1,MN258241.1,Homo sapiens,0.9930518439337253,1863
PP_006VZMV.1,S,1850,428,1.0,0,428,3,32,Argentina,,Argentina/PP_006VZMV.1,MN258242.1,Homo sapiens,0.9861036878674505,1850
PP_006VZNT.1,S,1849,428,1.0,0,428,1,33,Argentina,,Argentina/PP_006VZNT.1,MN258243.1,Homo sapiens,0.985569214323891,1849
PP_006VZPR.1,S,1861,428,1.0,0,428,1,36,Argentina,,Argentina/PP_006VZPR.1,MN258244.1,Homo sapiens,0.9919828968466061,1861
PP_006VZQP.1,S,1858,428,1.0,0,428,3,32,Argentina,,Argentina/PP_006VZQP.1,MN258245.1,Homo sapiens,0.9903794762159273,1858
PP_006VZRM.1,S,1848,428,1.0,0,428,3,32,Argentina,,Argentina/PP_006VZRM.1,MN258246.1,Homo sapiens,0.9850347407803314,1848
PP_006VZSK.1,S,1849,428,1.0,0,428,2,31,Argentina,,Argentina/PP_006VZSK.1,MN258247.1,Homo sapiens,0.985569214323891,1849
PP_006VZTH.1,S,1861,428,1.0,0,428,2,40,Argentina,,Argentina/PP_006VZTH.1,MN258248.1,Homo sapiens,0.9919828968466061,1861
PP_006VZUF.1,S,1851,428,1.0,0,428,3,32,Argentina,,Argentina/PP_006VZUF.1,MN258250.1,Homo sapiens,0.9866381614110101,1851
PP_006VZVD.1,S,1856,428,1.0,0,428,2,31,Argentina,,Argentina/PP_006VZVD.1,MN258251.1,Homo sapiens,0.9893105291288081,1856
PP_006VZWB.1,S,1849,428,1.0,0,428,1,30,Argentina,,Argentina/PP_006VZWB.1,MN258252.1,Homo sapiens,0.985569214323891,1849
PP_006VZX9.1,S,1866,428,1.0,0,428,2,34,Argentina,,Argentina/PP_006VZX9.1,MN258253.1,Homo sapiens,0.994655264564404,1866
PP_006VZZ5.1,S,1858,428,1.0,0,428,1,33,Argentina,,Argentina/PP_006VZZ5.1,MN258255.1,Homo sapiens,0.9903794762159273,1858
PP_006W001.1,S,1868,428,1.0,0,428,1,39,Argentina,,Argentina/PP_006W001.1,MN258256.1,Homo sapiens,0.9951897381079636,1868
PP_006W01Z.1,S,1804,428,1.0,0,428,1,15,Argentina,,Argentina/PP_006W01Z.1,MN258249.1,Homo sapiens,0.9615179048637092,1804
PP_006W07M.1,S,1850,428,1.0,0,428,3,32,,,PP_006W07M.1,MN850083.1,,0.9861036878674505,1850
PP_006W08K.1,S,1876,428,1.0,0,428,1,42,,,PP_006W08K.1,MN850084.1,,1.0,1876
PP_006W09H.1,S,1819,428,1.0,0,428,1,6,,,PP_006W09H.1,MN850085.1,,0.9695350080171031,1819
PP_006W0BD.1,S,1844,428,1.0,0,428,3,32,,,PP_006W0BD.1,MN850087.1,,0.9845002672367718,1844
PP_006W0E7.1,S,1871,428,1.0,0,428,1,42,,,PP_006W0E7.1,NC_003466.1,,1.0,1871
PP_006W0MS.1,S,1845,428,1.0,0,428,3,38,,,PP_006W0MS.1,OP493851.1,,0.982896846606093,1845
PP_006W0NQ.1,S,1845,428,1.0,0,428,3,38,,,PP_006W0NQ.1,OP555719.1,,0.982896846606093,1845
PP_006W0PN.1,S,1845,428,1.0,0,428,3,38,Argentina,,Argentina/PP_006W0PN.1,OP555723.1,Oligoryzomys longicaudatus,0.982896846606093,1845
PP_006W0QL.1,S,1861,428,1.0,0,428,2,40,Argentina,,Argentina/PP_006W0QL.1,OP555720.1,,0.9914484233030465,1861
PP_006W0W8.1,S,1760,428,1.0,0,428,3,11,Switzerland,2022,Switzerland/PP_006W0W8.1/2022,OR405520.1,Homo sapiens,0.9567076429716729,1760
PP_006W0X6.1,S,1793,428,1.0,0,428,3,11,Switzerland,2016,Switzerland/PP_006W0X6.1/2016,OR405525.1,Homo sapiens,0.9567076429716729,1793
PP_006W1PM.1,S,1871,428,1.0,0,428,1,42,,,PP_006W1PM.1,PG081425.1,,1.0,1871
PP_006W2C9.1,S,1848,428,1.0,0,428,2,16,Argentina,2022,Argentina/PP_006W2C9.1/2022,PQ215668.1,,0.9850347407803314,1848
PP_006W2F3.1,S,1870,428,1.0,0,428,2,34,Chile,2024-06-27,Chile/PP_006W2F3.1/2024-06-27,PV796316.1,Homo sapiens,0.9957242116515232,1870
PP_006W2G1.1,S,1865,428,1.0,0,428,3,38,Chile,2024-06-27,Chile/PP_006W2G1.1/2024-06-27,PV808467.1,Homo sapiens,0.9930518439337253,1865
PP_006W2JW.1,S,1869,428,1.0,0,428,2,40,Chile,2024-07-24,Chile/PP_006W2JW.1/2024-07-24,PV808473.1,Homo sapiens,0.9951897381079636,1869
PP_006W6RC.2,S,1829,428,1.0,0,428,3,20,Netherlands,2026-05-03,Netherlands/PP_006W6RC.2/2026-05-03,,Homo sapiens,0.9748797434526991,1829
PP_006WBLH.2,S,1853,428,1.0,0,428,1,30,Switzerland,2026-05-04,Switzerland/PP_006WBLH.2/2026-05-04,PZ385163.1,Homo sapiens,0.9882415820416889,1853
PP_006WDJK.1,S,1860,428,1.0,0,427,1,45,South Africa,2026-05-02,South_Africa/PP_006WDJK.1/2026-05-02,,Homo sapiens,0.9887760555852485,1860
PP_006WDKH.1,S,1811,428,1.0,0,428,2,22,South Africa,2026-04-26,South_Africa/PP_006WDKH.1/2026-04-26,,Homo sapiens,0.9834313201496526,1811
PP_006XBKH.1,S,1859,428,1.0,0,428,2,34,France,2026-05-10,France/PP_006XBKH.1/2026-05-10,,Homo sapiens,0.9914484233030465,1859
PP_006W2MQ.1,S,533,176,1.0,0,176,2,4,,,PP_006W2MQ.1,U51042.1,,0.2848743987172635,533
PP_006VNRY.1,S,143,1,1.0,0,1,3,32,,,PP_006VNRY.1,AF042134.1,,0.07642971672902191,143
PP_006VR0C.1,S,1290,428,0.997664,1,428,1,0,,,PP_006VR0C.1,DI163829.1,,0.7359700694815606,1290
PP_006VR28.1,S,1290,428,0.997664,1,428,1,0,,,PP_006VR28.1,DL139703.1,,0.7359700694815606,1290
PP_006VVWF.1,S,1290,428,0.997664,1,428,1,0,,,PP_006VVWF.1,HV984420.1,,0.7359700694815606,1290
PP_006VZY7.1,S,1856,428,0.997664,1,428,3,32,Argentina,,Argentina/PP_006VZY7.1,MN258254.1,Homo sapiens,0.9893105291288081,1856
PP_006W0AF.1,S,1860,428,0.997664,1,428,2,37,,,PP_006W0AF.1,MN850086.1,,0.9909139497594869,1860
PP_006W0CB.1,S,1802,428,0.997664,1,428,3,11,Chile,1999,Chile/PP_006W0CB.1/1999,MT956618.1,Homo sapiens,0.9609834313201496,1802
PP_006W0D9.1,S,1871,428,0.997664,1,428,1,42,Chile,1997,Chile/PP_006W0D9.1/1997,MT956622.1,Oligoryzomys longicaudatus,1.0,1871
PP_006W0RJ.1,S,1872,428,0.997664,1,428,1,42,Argentina,,Argentina/PP_006W0RJ.1,OP555721.1,,0.997327632282202,1872
PP_006W0SG.1,S,1873,428,0.997664,1,428,2,40,Argentina,,Argentina/PP_006W0SG.1,OP555722.1,,0.9978621058257616,1873
PP_006W0TE.1,S,1868,428,0.997664,1,428,3,41,Argentina,,Argentina/PP_006W0TE.1,OP555728.1,Mesocricetus auratus,0.9951897381079636,1868
PP_006W2HY.1,S,1872,428,0.997664,1,428,2,40,Chile,1999,Chile/PP_006W2HY.1/1999,PV808470.1,Homo sapiens,0.9983965793693212,1872
PP_006W2KU.1,S,1861,428,0.997664,1,428,2,34,Chile,2024-07-30,Chile/PP_006W2KU.1/2024-07-30,PV808476.1,Homo sapiens,0.9909139497594869,1861
PP_006VQHC.1,S,1802,428,0.995327,2,428,3,11,Chile,,Chile/PP_006VQHC.1,AY228237.1,Homo sapiens,0.9609834313201496,1802
PP_006VXAL.1,S,1874,428,0.992991,3,428,1,42,Switzerland,2016-12-26,Switzerland/PP_006VXAL.1/2016-12-26,KY659432.1,Homo sapiens,1.0,1874
PP_006W0UC.1,S,1881,428,0.969626,13,428,3,38,Argentina,,Argentina/PP_006W0UC.1,OP555730.1,Homo sapiens,0.9898450026723677,1881
PP_006W0Z2.1,S,1881,428,0.969626,13,428,3,38,Argentina,2002,Argentina/PP_006W0Z2.1/2002,OR875982.1,Homo sapiens,0.9898450026723677,1881
PP_006W11Y.1,S,1886,428,0.969626,13,428,2,37,Argentina,2002,Argentina/PP_006W11Y.1/2002,OR908884.1,Homo sapiens,0.9925173703901656,1886
PP_006W12W.1,S,1881,428,0.969626,13,428,3,32,Argentina,2002,Argentina/PP_006W12W.1/2002,OR908885.1,Homo sapiens,0.9898450026723677,1881
PP_006W14S.1,S,1887,428,0.969626,13,428,3,38,Argentina,2002,Argentina/PP_006W14S.1/2002,OR908887.1,Homo sapiens,0.9930518439337253,1887
PP_006W15Q.1,S,1887,428,0.969626,13,428,3,29,Argentina,2002,Argentina/PP_006W15Q.1/2002,OR908888.1,Homo sapiens,0.9930518439337253,1887
PP_006W16N.1,S,1847,428,0.969626,13,428,2,7,Argentina,2002,Argentina/PP_006W16N.1/2002,OR908889.1,Homo sapiens,0.9716729021913415,1847
PP_006W19G.1,S,1838,428,0.969626,13,428,1,9,Argentina,2010,Argentina/PP_006W19G.1/2010,OR908892.1,Homo sapiens,0.9748797434526991,1838
PP_006W1AE.1,S,1852,428,0.969626,13,428,3,11,Argentina,2010,Argentina/PP_006W1AE.1/2010,OR908893.1,Homo sapiens,0.9743452699091395,1852
PP_006W1BC.1,S,1843,428,0.969626,13,428,1,0,Argentina,2011,Argentina/PP_006W1BC.1/2011,OR908894.1,Homo sapiens,0.9695350080171031,1843
PP_006W1CA.1,S,1844,428,0.969626,13,428,3,11,Argentina,2011,Argentina/PP_006W1CA.1/2011,OR908895.1,Homo sapiens,0.9700694815606627,1844
PP_006W28H.1,S,1848,428,0.969626,13,428,1,9,Argentina,2002,Argentina/PP_006W28H.1/2002,PP504847.1,Homo sapiens,0.9722073757349011,1848
PP_006W2BB.1,S,1253,403,0.967742,13,403,1,42,Argentina,2024,Argentina/PP_006W2BB.1/2024,PQ181488.2,Homo sapiens,0.669695350080171,1253
PP_006VLUU.1,S,1919,428,0.96729,14,428,1,42,,,PP_006VLUU.1,AF482715.1,Oligoryzomys longicaudatus,1.0,1919
PP_006VQ45.1,S,1933,428,0.96729,14,428,3,41,,,PP_006VQ45.1,AF482713.1,Oligoryzomys chacoensis,0.9994655264564404,1933
PP_006W17L.1,S,1877,428,0.96729,14,428,2,31,Argentina,2002,Argentina/PP_006W17L.1/2002,OR908890.1,Homo sapiens,0.9877071084981294,1877
PP_006W1D8.1,S,1925,428,0.96729,14,428,3,38,Argentina,2019,Argentina/PP_006W1D8.1/2019,OR908896.1,Homo sapiens,0.9925173703901656,1925
PP_006W1E6.1,S,1911,428,0.96729,14,428,1,30,Argentina,2018,Argentina/PP_006W1E6.1/2018,OR908897.1,Homo sapiens,0.9850347407803314,1911
PP_006W1F4.1,S,1889,428,0.96729,14,428,2,13,Argentina,2018,Argentina/PP_006W1F4.1/2018,OR908898.1,Homo sapiens,0.9732763228220203,1889
PP_006VLSY.1,S,1938,428,0.964953,15,428,1,42,,,PP_006VLSY.1,AF482714.1,Oligoryzomys flavescens,1.0,1938
PP_006VP38.1,S,1921,428,0.964953,15,428,1,42,,,PP_006VP38.1,AF325966.1,Oligoryzomys chacoensis,1.0,1921
PP_006W100.1,S,1938,428,0.964953,15,428,1,42,Argentina,2022,Argentina/PP_006W100.1/2022,OR890439.1,Oligoryzomys flavescens,1.0,1938
PP_006W29F.1,S,1934,428,0.964953,15,428,1,42,Uruguay,1996,Uruguay/PP_006W29F.1/1996,PP504848.1,Homo sapiens,1.0,1934
PP_006W1Y3.1,S,2122,428,0.962617,16,428,3,146,Argentina,1998,Argentina/PP_006W1Y3.1/1998,PP058740.1,,1.0,2122
PP_006VR7Y.1,S,1931,428,0.96028,17,428,2,40,Paraguay,,Paraguay/PP_006VR7Y.1,DQ345763.1,Oligoryzomys chacoensis,0.9967931587386424,1931
PP_006VVXD.1,S,1287,428,0.96028,17,428,1,0,Bolivia,2009,Bolivia/PP_006VVXD.1/2009,JF750417.1,Homo sapiens,0.6878674505611972,1287
PP_006VVYB.1,S,1287,428,0.96028,17,428,1,0,Bolivia,2008,Bolivia/PP_006VVYB.1/2008,JF750418.1,Homo sapiens,0.6878674505611972,1287
PP_006VVZ9.1,S,1287,428,0.96028,17,428,1,0,Bolivia,2008,Bolivia/PP_006VVZ9.1/2008,JF750419.1,Homo sapiens,0.6878674505611972,1287
PP_006W0VA.1,S,1912,428,0.955607,19,428,2,19,Brazil,2022-12-09,Brazil/PP_006W0VA.1/2022-12-09,OQ092245.1,Homo sapiens,0.985569214323891,1912
PP_006VQ61.1,S,1860,428,0.950935,21,428,1,42,,,PP_006VQ61.1,AF482717.1,,1.0,1860
PP_006VX22.1,S,754,237,0.949367,12,237,1,42,Brazil,2012,Brazil/PP_006VX22.1/2012,KT257177.1,Necromys lasiurus,0.40299305184393375,754
PP_006VQ53.1,S,1869,428,0.939252,26,428,1,42,,,PP_006VQ53.1,AF482716.1,Necromys benefactus,0.9983965793693212,1869
PP_006VR9U.1,S,1858,428,0.936916,27,428,1,42,Brazil,,Brazil/PP_006VR9U.1,EF571895.1,,1.0,1858
PP_006VX14.1,S,1858,425,0.924706,32,425,1,42,Brazil,2006,Brazil/PP_006VX14.1/2006,KP202360.1,Necromys lasiurus,1.0,1858
PP_006VP0E.1,S,643,152,0.138158,131,152,2,187,Brazil,,Brazil/PP_006VP0E.1,AF307324.1,,0.3436664885088188,643
PP_006VVNX.1,S,440,103,0.135922,89,103,2,130,Brazil,,Brazil/PP_006VVNX.1,HQ719467.1,Homo sapiens,0.23516835916622128,440
PP_006VVPV.1,S,440,103,0.135922,89,103,2,130,Brazil,,Brazil/PP_006VVPV.1,HQ719468.1,Homo sapiens,0.23516835916622128,440
PP_006VVQT.1,S,440,103,0.135922,89,103,2,130,Brazil,,Brazil/PP_006VVQT.1,HQ719469.1,Homo sapiens,0.23516835916622128,440
PP_006VVRR.1,S,440,103,0.135922,89,103,2,130,Brazil,,Brazil/PP_006VVRR.1,HQ719470.1,Homo sapiens,0.23516835916622128,440
PP_006VVSP.1,S,440,103,0.135922,89,103,2,130,Brazil,,Brazil/PP_006VVSP.1,HQ719471.1,Homo sapiens,0.23516835916622128,440
PP_006VVTM.1,S,440,103,0.135922,89,103,2,130,Brazil,,Brazil/PP_006VVTM.1,HQ719472.1,Homo sapiens,0.23516835916622128,440
PP_006VUUL.1,S,303,16,0.125,14,16,2,253,Chile,,Chile/PP_006VUUL.1,EU543991.1,Rattus norvegicus,0.1619454836985569,303
PP_006VN55.1,S,143,17,0.117647,15,17,2,22,,,PP_006VN55.1,AF042114.1,,0.07642971672902191,143
PP_006VNDP.1,S,143,17,0.117647,15,17,2,22,,,PP_006VNDP.1,AF042122.1,,0.07642971672902191,143
PP_006VNM6.1,S,143,17,0.117647,15,17,2,22,,,PP_006VNM6.1,AF042130.1,,0.07642971672902191,143
PP_006VNP2.1,S,143,17,0.117647,15,17,2,22,,,PP_006VNP2.1,AF042132.1,,0.07642971672902191,143
PP_006VNVQ.1,S,143,17,0.117647,15,17,2,22,,,PP_006VNVQ.1,AF042138.1,,0.07642971672902191,143
PP_006W0LU.1,S,163,28,0.107143,25,28,3,77,Uruguay,2013-04,Uruguay/PP_006W0LU.1/2013-04,ON544084.1,Akodon azarae,0.0871191876002138,163
PP_006VX06.1,S,1068,294,0.102041,264,294,1,186,Peru,2010,Peru/PP_006VX06.1/2010,KF581134.1,Neacomys spinosus,0.5708177445216461,1068
PP_006VSM2.1,S,261,24,0.083333,22,24,1,189,Brazil,2004-08,Brazil/PP_006VSM2.1/2004-08,EU170208.1,,0.13949759486905397,261
PP_006VSN0.1,S,261,37,0.081081,34,37,2,64,Brazil,2005-03,Brazil/PP_006VSN0.1/2005-03,EU170210.1,,0.13949759486905397,261
PP_006VSPY.1,S,251,37,0.081081,34,37,2,64,Brazil,2004-03,Brazil/PP_006VSPY.1/2004-03,EU170211.1,,0.13415285943345803,251
PP_006VSSS.1,S,212,37,0.081081,34,37,1,15,Brazil,2003-07-22,Brazil/PP_006VSSS.1/2003-07-22,EU170236.1,Necromys lasiurus,0.11330839123463389,212
PP_006VXBJ.1,S,190,37,0.081081,34,37,2,64,Brazil,2013-02-25,Brazil/PP_006VXBJ.1/2013-02-25,MF094267.1,Desmodus rotundus,0.10154997327632283,190
PP_006VXCG.1,S,221,37,0.081081,34,37,2,67,Brazil,2013-02-25,Brazil/PP_006VXCG.1/2013-02-25,MF094268.1,Carollia perspicillata,0.11811865312667023,221
PP_006VXDE.1,S,221,37,0.081081,34,37,2,67,Brazil,2013-02-25,Brazil/PP_006VXDE.1/2013-02-25,MF094269.1,Carollia perspicillata,0.11811865312667023,221
PP_006VLLA.1,S,626,28,0.071429,26,28,1,30,,,PP_006VLLA.1,AF005947.1,,0.33190807055050775,626
PP_006VLM8.1,S,626,28,0.071429,26,28,1,30,,,PP_006VLM8.1,AF005948.1,,0.33190807055050775,626
PP_006VLJE.1,S,406,63,0.063492,59,63,3,53,,,PP_006VLJE.1,AF005945.1,,0.2169962586851951,406
PP_006VLKC.1,S,406,63,0.063492,59,63,3,53,,,PP_006VLKC.1,AF005946.1,,0.2169962586851951,406
PP_006VQ7Z.1,S,289,63,0.063492,59,63,3,74,Bolivia,,Bolivia/PP_006VQ7Z.1,AF442561.1,,0.1544628540887226,289
PP_006VQ8X.1,S,289,63,0.063492,59,63,3,74,Bolivia,,Bolivia/PP_006VQ8X.1,AF442563.1,,0.1544628540887226,289
PP_006W0F5.1,S,492,63,0.063492,59,63,2,52,Argentina,2020-11,Argentina/PP_006W0F5.1/2020-11,OL840325.1,Homo sapiens,0.26296098343132013,492
PP_006VVFC.1,S,1871,49,0.061224,46,49,1,699,,,PP_006VVFC.1,FV536450.1,,1.0,1871
PP_006VVGA.1,S,1871,49,0.061224,46,49,1,699,,,PP_006VVGA.1,FV536451.1,,1.0,1871
PP_006VLEP.1,S,496,156,0.057692,147,156,1,27,,,PP_006VLEP.1,AF005941.1,,0.2650988776055585,496
PP_006VLFM.1,S,496,156,0.057692,147,156,1,27,,,PP_006VLFM.1,AF005942.1,,0.2650988776055585,496
PP_006VV32.1,S,407,90,0.055556,85,90,2,31,Uruguay,1997-05,Uruguay/PP_006VV32.1/1997-05,EU564720.1,Oligoryzomys flavescens,0.2175307322287547,407
PP_006VRDL.1,S,249,37,0.054054,35,37,2,64,Brazil,2004-06,Brazil/PP_006VRDL.1/2004-06,EU170219.1,Necromys lasiurus,0.13308391234633885,249
PP_006VREJ.1,S,261,37,0.054054,35,37,2,64,Brazil,2004-06,Brazil/PP_006VREJ.1/2004-06,EU170220.1,Necromys lasiurus,0.13949759486905397,261
PP_006VSRU.1,S,252,37,0.054054,35,37,2,64,Brazil,2004-06,Brazil/PP_006VSRU.1/2004-06,EU170218.1,Necromys lasiurus,0.13468733297701763,252
PP_006VTYD.1,S,371,39,0.051282,37,39,2,253,Chile,,Chile/PP_006VTYD.1,EU241673.1,Oligoryzomys longicaudatus,0.1982896846606093,371
PP_006XDJH.2,S,1710,289,0.047619,240,252,3,368,Canada,2026-05-15,Canada/PP_006XDJH.2/2026-05-15,,Homo sapiens,0.8546231961517905,1710
PP_006W18J.1,S,1836,289,0.044983,276,289,1,411,Argentina,2002,Argentina/PP_006W18J.1/2002,OR908891.1,Homo sapiens,0.968466060929984,1836
PP_006W13U.1,S,1794,289,0.041958,274,286,3,368,Argentina,2002,Argentina/PP_006W13U.1/2002,OR908886.1,Homo sapiens,0.9401389631213255,1794
PP_006VT7W.1,S,397,48,0.041667,46,48,2,253,Chile,,Chile/PP_006VT7W.1,EU241672.1,Homo sapiens,0.21218599679315875,397
PP_006VTDJ.1,S,397,48,0.041667,46,48,2,253,Chile,,Chile/PP_006VTDJ.1,EU241679.1,Homo sapiens,0.21218599679315875,397
PP_006VTQV.1,S,397,48,0.041667,46,48,2,253,Chile,,Chile/PP_006VTQV.1,EU241665.1,Oligoryzomys longicaudatus,0.21218599679315875,397
PP_006VTSR.1,S,397,48,0.041667,46,48,2,253,Chile,,Chile/PP_006VTSR.1,EU241666.1,Oligoryzomys longicaudatus,0.21218599679315875,397
PP_006VTTP.1,S,397,48,0.041667,46,48,2,253,Chile,,Chile/PP_006VTTP.1,EU241667.1,Oligoryzomys longicaudatus,0.21218599679315875,397
PP_006VTUM.1,S,397,48,0.041667,46,48,2,253,Chile,,Chile/PP_006VTUM.1,EU241668.1,Homo sapiens,0.21218599679315875,397
PP_006VTVK.1,S,397,48,0.041667,46,48,2,253,Chile,,Chile/PP_006VTVK.1,EU241669.1,Homo sapiens,0.21218599679315875,397
PP_006VTWH.1,S,397,48,0.041667,46,48,2,253,Chile,,Chile/PP_006VTWH.1,EU241670.1,Rattus rattus,0.21218599679315875,397
PP_006VTXF.1,S,397,48,0.041667,46,48,2,253,Chile,,Chile/PP_006VTXF.1,EU241671.1,Oligoryzomys longicaudatus,0.21218599679315875,397
PP_006VTZB.1,S,397,48,0.041667,46,48,2,253,Chile,,Chile/PP_006VTZB.1,EU241674.1,Oligoryzomys longicaudatus,0.21218599679315875,397
PP_006VU09.1,S,397,48,0.041667,46,48,2,253,Chile,,Chile/PP_006VU09.1,EU241675.1,Oligoryzomys longicaudatus,0.21218599679315875,397
PP_006VU17.1,S,397,48,0.041667,46,48,2,253,Chile,,Chile/PP_006VU17.1,EU241676.1,Oligoryzomys longicaudatus,0.21218599679315875,397
PP_006VU25.1,S,397,48,0.041667,46,48,2,253,Chile,,Chile/PP_006VU25.1,EU241677.1,Homo sapiens,0.21218599679315875,397
PP_006VU33.1,S,397,48,0.041667,46,48,2,253,Chile,,Chile/PP_006VU33.1,EU241678.1,Homo sapiens,0.32923570283270975,397
PP_006VU41.1,S,397,48,0.041667,46,48,2,253,Chile,,Chile/PP_006VU41.1,EU241680.1,Oligoryzomys longicaudatus,0.21218599679315875,397
PP_006VU5Z.1,S,397,48,0.041667,46,48,2,253,Chile,,Chile/PP_006VU5Z.1,EU241681.1,Oligoryzomys longicaudatus,0.21218599679315875,397
PP_006VU6X.1,S,397,48,0.041667,46,48,2,253,Chile,,Chile/PP_006VU6X.1,EU241682.1,Oligoryzomys longicaudatus,0.21218599679315875,397
PP_006VU7V.1,S,397,48,0.041667,46,48,2,253,Chile,,Chile/PP_006VU7V.1,EU241683.1,Oligoryzomys longicaudatus,0.21218599679315875,397
PP_006VU8T.1,S,397,48,0.041667,46,48,2,253,Chile,,Chile/PP_006VU8T.1,EU241684.1,Abrothrix longipilis,0.21218599679315875,397
PP_006VU9R.1,S,397,48,0.041667,46,48,2,253,Chile,,Chile/PP_006VU9R.1,EU241685.1,Oligoryzomys longicaudatus,0.21218599679315875,397
PP_006VUAP.1,S,397,48,0.041667,46,48,2,253,Chile,,Chile/PP_006VUAP.1,EU241686.1,Oligoryzomys longicaudatus,0.21218599679315875,397
PP_006VUBM.1,S,397,48,0.041667,46,48,2,253,Chile,,Chile/PP_006VUBM.1,EU241687.1,Abrothrix longipilis,0.21218599679315875,397
PP_006VUCK.1,S,397,48,0.041667,46,48,2,253,Chile,,Chile/PP_006VUCK.1,EU241688.1,Loxodontomys micropus,0.21218599679315875,397
PP_006W3U9.2,S,1807,289,0.041522,277,289,1,414,Netherlands,2026-05-06,Netherlands/PP_006W3U9.2/2026-05-06,,Homo sapiens,0.9636557990379476,1807
PP_006XDHK.2,S,1747,289,0.041522,277,289,1,405,Canada,2026-05-15,Canada/PP_006XDHK.2/2026-05-15,,Homo sapiens,0.931587386424372,1747
PP_006VQJA.1,S,331,101,0.039604,97,101,2,28,Paraguay,,Paraguay/PP_006VQJA.1,AY515593.1,Oligoryzomys chacoensis,0.17691074291822556,331
PP_006VUH8.1,S,943,230,0.03913,221,230,2,253,Chile,,Chile/PP_006VUH8.1,EU241694.1,Oligoryzomys longicaudatus,0.504008551576697,943
PP_006VUJ6.1,S,943,230,0.03913,221,230,2,253,Chile,,Chile/PP_006VUJ6.1,EU241695.1,Oligoryzomys longicaudatus,0.504008551576697,943
PP_006VUK4.1,S,943,230,0.03913,221,230,2,253,Chile,,Chile/PP_006VUK4.1,EU241696.1,Oligoryzomys longicaudatus,0.504008551576697,943
PP_006VUL2.1,S,943,230,0.03913,221,230,2,253,Chile,,Chile/PP_006VUL2.1,EU241697.1,Oligoryzomys longicaudatus,0.504008551576697,943
PP_006VUNY.1,S,943,230,0.03913,221,230,2,253,Chile,,Chile/PP_006VUNY.1,EU241698.1,Oligoryzomys longicaudatus,0.504008551576697,943
PP_006VUPW.1,S,943,230,0.03913,221,230,2,253,Chile,,Chile/PP_006VUPW.1,EU241699.1,Oligoryzomys longicaudatus,0.504008551576697,943
PP_006VUQU.1,S,943,230,0.03913,221,230,2,253,Chile,,Chile/PP_006VUQU.1,EU241700.1,Oligoryzomys longicaudatus,0.504008551576697,943
PP_006VURS.1,S,943,230,0.03913,221,230,2,253,Chile,,Chile/PP_006VURS.1,EU241701.1,Oligoryzomys longicaudatus,0.504008551576697,943
PP_006VUSQ.1,S,943,230,0.03913,221,230,2,253,Chile,,Chile/PP_006VUSQ.1,EU241702.1,Oligoryzomys longicaudatus,0.504008551576697,943
PP_006VUDH.1,S,924,223,0.035874,215,223,2,253,Chile,,Chile/PP_006VUDH.1,EU241689.1,Oligoryzomys longicaudatus,0.4938535542490647,924
PP_006VUFD.1,S,927,224,0.035714,216,224,2,253,Chile,,Chile/PP_006VUFD.1,EU241691.1,Oligoryzomys longicaudatus,0.49545697487974344,927
PP_006VSWJ.1,S,943,230,0.034783,222,230,2,253,Chile,,Chile/PP_006VSWJ.1,EU241692.1,Oligoryzomys longicaudatus,0.504008551576697,943
PP_006VUEF.1,S,943,230,0.034783,222,230,2,253,Chile,,Chile/PP_006VUEF.1,EU241690.1,Oligoryzomys longicaudatus,0.504008551576697,943
PP_006VUGB.1,S,943,230,0.034783,222,230,2,253,Chile,,Chile/PP_006VUGB.1,EU241693.1,Oligoryzomys longicaudatus,0.504008551576697,943
PP_006VXFA.1,S,427,91,0.032967,88,91,2,154,Argentina,2012-06,Argentina/PP_006VXFA.1/2012-06,MH844522.1,Akodon azarae,0.22822020309994656,427
PP_006VXG8.1,S,363,91,0.032967,88,91,1,90,Argentina,2011-04,Argentina/PP_006VXG8.1/2011-04,MH844523.1,Oxymycterus rufus,0.19401389631213256,363
PP_006VXH5.1,S,408,91,0.032967,88,91,1,135,Argentina,2010-12,Argentina/PP_006VXH5.1/2010-12,MH844518.1,Oligoryzomys nigripes,0.21806520577231428,408
PP_006VXJ3.1,S,427,91,0.032967,88,91,2,154,Argentina,2011-11,Argentina/PP_006VXJ3.1/2011-11,MH844519.1,Oligoryzomys nigripes,0.22822020309994656,427
PP_006VXK1.1,S,427,91,0.032967,88,91,2,154,Argentina,2012-01,Argentina/PP_006VXK1.1/2012-01,MH844520.1,Oligoryzomys nigripes,0.22822020309994656,427
PP_006VXLZ.1,S,427,91,0.032967,88,91,2,154,Argentina,2012-06,Argentina/PP_006VXLZ.1/2012-06,MH844521.1,Oligoryzomys nigripes,0.22822020309994656,427
PP_006VX30.1,S,431,96,0.03125,93,96,2,142,Brazil,2012,Brazil/PP_006VX30.1/2012,KT257178.1,Necromys lasiurus,0.23035809727418494,431
PP_006VUYC.1,S,362,67,0.030769,63,65,1,159,Uruguay,2000-12,Uruguay/PP_006VUYC.1/2000-12,EU564714.1,Homo sapiens,0.19241047568145378,362
PP_006VV5Y.1,S,352,67,0.029851,65,67,3,149,Uruguay,2005-03,Uruguay/PP_006VV5Y.1/2005-03,EU564722.1,Oxymycterus nasutus,0.18813468733297703,352
PP_006W0KW.1,S,361,68,0.029412,66,68,2,157,Uruguay,2013-12,Uruguay/PP_006W0KW.1/2013-12,ON544083.1,Oligoryzomys flavescens,0.19294494922501337,361
PP_006VUXE.1,S,390,77,0.026316,74,76,1,159,Uruguay,1999-10,Uruguay/PP_006VUXE.1/1999-10,EU564713.1,Homo sapiens,0.207910208444682,390
PP_006VTRT.1,S,388,76,0.026316,74,76,1,159,Uruguay,2003-06,Uruguay/PP_006VTRT.1/2003-06,EU564716.1,Homo sapiens,0.2073757349011224,388
PP_006VV7U.1,S,380,77,0.025974,75,77,1,147,Uruguay,2005-03,Uruguay/PP_006VV7U.1/2005-03,EU564724.1,Oligoryzomys nigripes,0.20309994655264565,380
PP_006VV6W.1,S,388,78,0.025641,76,78,2,154,Uruguay,2005-03,Uruguay/PP_006VV6W.1/2005-03,EU564723.1,Oxymycterus nasutus,0.2073757349011224,388
PP_006VP1C.1,S,643,80,0.025,78,80,2,403,Brazil,,Brazil/PP_006VP1C.1,AF307325.1,,0.3436664885088188,643
PP_006VX4Y.1,S,427,80,0.025,78,80,1,186,Brazil,2012,Brazil/PP_006VX4Y.1/2012,KT257179.1,Homo sapiens,0.22822020309994656,427
PP_006VX5W.1,S,427,80,0.025,78,80,1,186,Brazil,2012,Brazil/PP_006VX5W.1/2012,KT257180.1,Homo sapiens,0.22822020309994656,427
PP_006VX6U.1,S,427,80,0.025,78,80,1,186,Brazil,2012,Brazil/PP_006VX6U.1/2012,KT257181.1,Homo sapiens,0.22822020309994656,427
PP_006VX7S.1,S,427,80,0.025,78,80,1,186,Brazil,2012,Brazil/PP_006VX7S.1/2012,KT257182.1,Homo sapiens,0.22822020309994656,427
PP_006VX8Q.1,S,427,80,0.025,78,80,1,186,Brazil,2012,Brazil/PP_006VX8Q.1/2012,KT257183.1,Homo sapiens,0.22822020309994656,427
PP_006VUZA.1,S,402,81,0.024691,79,81,1,159,Uruguay,2004-02,Uruguay/PP_006VUZA.1/2004-02,EU564715.1,Oligoryzomys flavescens,0.21485836451095672,402
PP_006VUWG.1,S,402,84,0.024096,81,83,2,148,Uruguay,2004-01,Uruguay/PP_006VUWG.1/2004-01,EU564712.1,Homo sapiens,0.21432389096739712,402
PP_006VUVJ.1,S,403,83,0.024096,81,83,3,152,Uruguay,1999-05,Uruguay/PP_006VUVJ.1/1999-05,EU564711.1,Homo sapiens,0.2153928380545163,403
PP_006VV08.1,S,407,83,0.024096,81,83,1,156,Uruguay,2000-10,Uruguay/PP_006VV08.1/2000-10,EU564717.1,Oligoryzomys flavescens,0.2175307322287547,407
PP_006VV16.1,S,403,83,0.024096,81,83,3,152,Uruguay,2001-06,Uruguay/PP_006VV16.1/2001-06,EU564718.1,Oligoryzomys flavescens,0.2153928380545163,403
PP_006VV24.1,S,407,83,0.024096,81,83,1,156,Uruguay,2001-05,Uruguay/PP_006VV24.1/2001-05,EU564719.1,Oligoryzomys flavescens,0.2175307322287547,407
PP_006W0G3.1,S,936,259,0.016529,119,121,2,157,Uruguay,2012-03,Uruguay/PP_006W0G3.1/2012-03,ON544080.1,Oligoryzomys flavescens,0.28006413682522713,936
PP_006W0H0.1,S,936,259,0.016529,119,121,2,157,Uruguay,2013-04,Uruguay/PP_006W0H0.1/2013-04,ON544081.1,Oligoryzomys flavescens,0.28006413682522713,936
PP_006W0JY.1,S,936,259,0.016529,119,121,2,157,Uruguay,2008-10,Uruguay/PP_006W0JY.1/2008-10,ON544082.1,Oligoryzomys flavescens,0.28006413682522713,936
